<?xml version="1.0" ?>
<!--
Copyright (C) 2013-2014, International Business Machines Corporation
All Rights Reserved
-->
<operatorModel
  xmlns="http://www.ibm.com/xmlns/prod/streams/spl/operator" 
  xmlns:cmn="http://www.ibm.com/xmlns/prod/streams/spl/common" 
  xmlns:xsi="http://www.w3.org/2001/XMLSchema-instance"
  xsi:schemaLocation="http://www.ibm.com/xmlns/prod/streams/spl/operator operatorModel.xsd">
  <cppOperatorModel>
    <context>
      <description docHref="doc/${nl}/spldoc/html/tk$com.ibm.streamsx.inet/op$com.ibm.streamsx.inet.ftp$FTPReader.html">
The `FTPReader` operator is a source operator that can scan a directory at a remote host
or receive files from a remote host by using the FTP, FTPS, or SFTP protocols.
If the operator works as a directory scanner, the contents of the directory can be received line by line. 
Separate output functions are available to get dedicated information about the directory in specialized output functions like 
file name, size, or date.

If the operator works as file source, the content of the file can be delivered either in binary format as a `blob` or in text format line by line.
      </description>
      <iconUri size="16">ftpReader_16.gif</iconUri>
      <iconUri size="32">ftpReader_32.gif</iconUri>
      <!-- some optional elements
      <metrics>
        <metric>
          <name>metricName</name>
          <description>Metric description</description>
          <kind>Counter</kind>
        </metric>
      </metrics>
      -->
      <customOutputFunctions>
        <customOutputFunction>
          <name>GetData</name>
          <function>
            <description>
Get the data as binary blob. 
This function must not be used if the operator works as directory scanner (isDirReader : true). 
This function must not be used, if one of the following output functions is used:
* Line()
* FileName()
* FileSize()
* FileDate()
* FileUser()
* FileGroup()
* FileInfo()
* IsFile()

One file may be transmitted in several blobs. The blob size is determined by the underlying library. An empty blob indicates an empty file.</description>
            <prototype><![CDATA[blob Binary()]]></prototype>
          </function>
          <function>
            <description>
Get the data of the directory/file line by line. This requires that the received file is a text file. The line is delivered with the trailing newline 
character. An complete empty line indicates an empty file. This function must not be used if the function `Binary()` is used.
            </description>
            <prototype><![CDATA[rstring Line()]]></prototype>
          </function>
          <function>
            <description>This function returns a string with the url including schema of the received file or scanned directory.</description>
            <prototype><![CDATA[rstring Url()]]></prototype>
          </function>
          <function>
            <description>This function returns one file name of the scanned directory. If this function is used, the parameter `isDirReader` must be true.</description>
            <prototype><![CDATA[rstring FileName()]]></prototype>
          </function>
          <function>
            <description>This function returns the file size of one file in the scanned directory. If this function is used, the parameter `isDirReader` must be true.</description>
            <prototype><![CDATA[uint64 FileSize()]]></prototype>
          </function>
          <function>
            <description>This function returns the file date string of one file in the scanned directory. If this function is used, the parameter `isDirReader` must be true.</description>
            <prototype><![CDATA[rstring FileDate()]]></prototype>
          </function>
          <function>
            <description>This function returns the file user of one file in the scanned directory. If this function is used, the parameter `isDirReader` must be true.</description>
            <prototype><![CDATA[rstring FileUser()]]></prototype>
          </function>
          <function>
            <description>This function returns the file group of one file in the scanned directory. If this function is used, the parameter `isDirReader` must be true.</description>
            <prototype><![CDATA[rstring FileGroup()]]></prototype>
          </function>
          <function>
            <description>This function returns the file access rights of one file in the scanned directory. If this function is used, the parameter `isDirReader` must be true.</description>
            <prototype><![CDATA[rstring FileInfo()]]></prototype>
          </function>
          <function>
            <description>This function returns true if this directory entry is file a regular file (first character in file info equals '-'). If this function is used, the parameter `isDirReader` must be true.</description>
            <prototype><![CDATA[boolean IsFile()]]></prototype>
          </function>
          <function>
            <description>This function returns a sequence number of the output tuple. The sequence starts with 0 for each file/directory.</description>
            <prototype><![CDATA[int32 Sequence()]]></prototype>
          </function>
          <function>
            <description>Deprecated: This function returns the number of completed ftp transfers. Use function TransferCount() instead.</description>
            <prototype><![CDATA[uint32 NoTransfers()]]></prototype>
          </function>
          <function>
            <description>This function returns the number of completed ftp transfers.</description>
            <prototype><![CDATA[uint32 TransferCount()]]></prototype>
          </function>
          <function>
            <description>Deprecated: This function returns the number of failed ftp transfers. Use function TransferFailureCount() instead.</description>
            <prototype><![CDATA[uint32 NoTransferFailures()]]></prototype>
          </function>
          <function>
            <description>This function returns the number of failed ftp transfers.</description>
            <prototype><![CDATA[uint32 TransferFailureCount()]]></prototype>
          </function>
          <function>
            <description>Deprecated: This function returns the number of bytes transferred in successfully completed transfers. Use function BytesTransferred() instead.</description>
            <prototype><![CDATA[uint64 NoBytesTransferred()]]></prototype>
          </function>
          <function>
            <description>This function returns the number of bytes transferred in successfully completed transfers.</description>
            <prototype><![CDATA[uint64 BytesTransferred()]]></prototype>
          </function>
          <function>
            <description>This function returns the transfer speed in byte per second of the last transfer / valid after file end.</description>
            <prototype><![CDATA[float64 TransferSpeed()]]></prototype>
          </function>
          <function>
            <description>Return the argument unchanged.</description>
            <prototype><![CDATA[<any T> T AsIs(T)]]></prototype>
          </function>
        </customOutputFunction>
        <customOutputFunction>
          <name>GetError</name>
          <function>
            <description>Deprecated: Get the error number. Use function ErrorCode() instead.</description>
            <prototype><![CDATA[int32 Error()]]></prototype>
          </function>
          <function>
            <description>Get the error number</description>
            <prototype><![CDATA[int32 ErrorCode()]]></prototype>
          </function>
          <function>
            <description>Get the error description</description>
            <prototype><![CDATA[rstring ErrorText()]]></prototype>
          </function>
          <function>
            <description>This function returns a string with the url including schema of the received file or scanned directory.</description>
            <prototype><![CDATA[rstring Url()]]></prototype>
          </function>
          <function>
            <description>Deprecated: This function returns the number of completed ftp transfers. Use function TransferCount() instead.</description>
            <prototype><![CDATA[uint32 NoTransfers()]]></prototype>
          </function>
          <function>
            <description>This function returns the number of completed ftp transfers.</description>
            <prototype><![CDATA[uint32 TransferCount()]]></prototype>
          </function>
          <function>
            <description>Deprecated: This function returns the number of failed ftp transfers. Use function TransferFailureCount() instead.</description>
            <prototype><![CDATA[uint32 NoTransferFailures()]]></prototype>
          </function>
          <function>
            <description>This function returns the number of failed ftp transfers.</description>
            <prototype><![CDATA[uint32 TransferFailureCount()]]></prototype>
          </function>
          <function>
            <description>Deprecated: This function returns the number of bytes transferred in successfully completed transfers. Use function BytesTransferred() instead.</description>
            <prototype><![CDATA[uint64 NoBytesTransferred()]]></prototype>
          </function>
          <function>
            <description>This function returns the number of bytes transferred in successfully completed transfers.</description>
            <prototype><![CDATA[uint64 BytesTransferred()]]></prototype>
          </function>
          <function>
            <description>Return the argument unchanged.</description>
            <prototype><![CDATA[<any T> T AsIs(T)]]></prototype>
          </function>
        </customOutputFunction>
      </customOutputFunctions>
      <libraryDependencies>
        <library>
          <cmn:description>curl lib</cmn:description>
          <cmn:managedLibrary>
            <cmn:lib>curl</cmn:lib>
            <cmn:libPath></cmn:libPath>
            <cmn:includePath></cmn:includePath>
          </cmn:managedLibrary>
        </library>
        <library>
          <cmn:description>FTP wrapper lib</cmn:description>
          <cmn:managedLibrary>
            <cmn:lib>inettoolkit</cmn:lib>
            <cmn:libPath>../../impl/lib</cmn:libPath>
            <cmn:includePath>../../impl/cpp/include</cmn:includePath>
          </cmn:managedLibrary>
        </library>
      </libraryDependencies>
      <providesSingleThreadedContext>Always</providesSingleThreadedContext>
      <allowCustomLogic>false</allowCustomLogic>
      <codeTemplates>
        <codeTemplate name="FTPReader-DirectoryScanner">
          <description>FTPReader as remote directory scanner</description>
          <template>
stream&lt;rstring fileName, uint64 size, rstring date, rstring user, boolean isFile&gt; ${FilenameStream} as OUT = FTPReader(${TriggerStream}) {
	param
		protocol : ftp;
		isDirReader : true;
		host : "${host}";
		path : "${path}/";
		username : "${username}";
		password : "${password}";
	output OUT :
		fileName = FileName(),
		size = FileSize(),
		date = FileDate(),
		user = FileUser(),
		isFile = IsFile();
}</template>
        </codeTemplate>
        <codeTemplate name="FTPReader-TextFileReader">
          <description>FTPReader used to receive a text file</description>
          <template>
stream&lt;rstring line, int32 sequence&gt; ${FileStream} as OUT = FTPReader(${FilenameStream} as IN) {
	param
		protocol : ftp;
		isDirReader : false;
		host : "${host}";
		path : "/${path}/";
		filename : IN.fileName;
		username : "${username}";
		password : "${password}";
	output OUT :
		line = Line(),
		sequence = Sequence();
}</template>
        </codeTemplate>
        <codeTemplate name="FTPReader-BinaryFileReader">
          <description>FTPReader used to receive a binary file and uses a password stream</description>
          <template>
stream&lt;blob content, int32 sequence&gt; ${FileStream} as OUT = FTPReader(${FilenameStream} as IN; ${PasswordStream} as PWD) {
	param
		protocol : ftp;
		host : "${host}";
		path : "/${path}/";
		filename : IN.fileName;
		username : "${username}";
		password : PWD.password;
	output OUT :
		content = Binary(),
		sequence = Sequence();
}</template>
        </codeTemplate>
      </codeTemplates>
    </context>
    <parameters>
      <allowAny>false</allowAny>
      <parameter>
        <name>protocol</name>
        <description>Protocol and encryption properties of the connection. This parameter takes one value of type [Protocol]</description>
        <optional>false</optional>
        <rewriteAllowed>true</rewriteAllowed>
        <expressionMode>AttributeFree</expressionMode>
        <type>enum&#123;ftp,ftpSSLAll,ftpSSLControl,ftpSSLTry,ftps,sftp&#125;</type>
        <cardinality>1</cardinality>
      </parameter>
      <parameter>
        <name>isDirReader</name>
        <description>
If this parameter is true, the operator acts as directory scanner and each directory entry produces one line at the output. 
Special output functions to get the properties of the directory entry are available in this case. Default is `false`</description>
        <optional>true</optional>
        <rewriteAllowed>false</rewriteAllowed>
        <expressionMode>Constant</expressionMode>
        <type>boolean</type>
        <cardinality>1</cardinality>
      </parameter>
      <parameter>
        <name>host</name>
        <description>Hostname or IP address of the remote host in form hostname\[:port\].</description>
        <optional>false</optional>
        <rewriteAllowed>true</rewriteAllowed>
        <expressionMode>Expression</expressionMode>
        <type>rstring</type>
        <cardinality>1</cardinality>
        <portScope><port>0</port></portScope>
      </parameter>
      <parameter>
        <name>path</name>
        <description>
The path of the remote fie/directory. The path may contain an filename part. If the filename part is omitted the parameter must end with a '/'. 
The path should begin with '/'. In case of ftp protocols the path is relative to the home directory of the user and may depend on the server configuration. In case of ftp protocol an absolute path must start with '//'.
In case of sftp the path is an absolute path. A path relative to users home directory may be entered in the form '~/'.
        </description>
        <optional>false</optional>
        <rewriteAllowed>true</rewriteAllowed>
        <expressionMode>Expression</expressionMode>
        <type>rstring</type>
        <cardinality>1</cardinality>
        <portScope><port>0</port></portScope>
      </parameter>
      <parameter>
        <name>filename</name>
        <description>The filename part of the file/directory if the path does not contain a filename part.</description>
        <optional>true</optional>
        <rewriteAllowed>true</rewriteAllowed>
        <expressionMode>Expression</expressionMode>
        <type>rstring</type>
        <cardinality>1</cardinality>
        <portScope><port>0</port></portScope>
      </parameter>
      <parameter>
        <name>username</name>
        <description>The ftp username. If the operator has two input ports and this parameter is an attribute parameter it must be supplied from the second input port.</description>
        <optional>false</optional>
        <rewriteAllowed>true</rewriteAllowed>
        <expressionMode>Expression</expressionMode>
        <type>rstring</type>
        <cardinality>1</cardinality>
      </parameter>
      <parameter>
        <name>password</name>
        <description>The password for the ftp user. If the operator has two input ports and this parameter is an attribute parameter it must be supplied from the second input port.</description>
        <optional>true</optional>
        <rewriteAllowed>true</rewriteAllowed>
        <expressionMode>Expression</expressionMode>
        <type>rstring</type>
        <cardinality>1</cardinality>
      </parameter>
      <parameter>
        <name>connectionCloseMode</name>
        <description>
This optionally parameter controls when the closing of connection after transfer. The parameter takes one value of type [ConnectionCloseMode]. Default value is `never`.</description>
        <optional>true</optional>
        <rewriteAllowed>true</rewriteAllowed>
        <expressionMode>AttributeFree</expressionMode>
        <type>enum&#123;never,ever,punct&#125;</type>
        <cardinality>1</cardinality>
      </parameter>
      <parameter>
        <name>connectionTimeout</name>
        <description>This is the maximum time in seconds that you allow the connection to the server to take. This only limits the connection phase, once it has connected, this option is of no more use. Set to zero to switch to the default built-in connection timeout - 120 seconds. See also the `transferTimeout` parameter.</description>
        <optional>true</optional>
        <rewriteAllowed>true</rewriteAllowed>
        <expressionMode>Expression</expressionMode>
        <type>int32</type>
        <cardinality>1</cardinality>
        <portScope><port>0</port></portScope>
      </parameter>
      <parameter>
        <name>transferTimeout</name>
        <description>This is the maximum time in seconds that you allow the libcurl transfer operation to take. Normally, name lookups can take a considerable time
and limiting operations to less than a few minutes risk aborting perfectly normal operations. Default timeout is 0 (zero) which means it never times out.</description>
        <optional>true</optional>
        <rewriteAllowed>true</rewriteAllowed>
        <expressionMode>Expression</expressionMode>
        <type>int32</type>
        <cardinality>1</cardinality>
        <portScope><port>0</port></portScope>
      </parameter>
      <parameter>
        <name>curlVerbose</name>
        <description>Verbose mode for curl lib. Default value is false. The curl information are sent stderr.</description>
        <optional>true</optional>
        <rewriteAllowed>true</rewriteAllowed>
        <expressionMode>AttributeFree</expressionMode>
        <type>boolean</type>
        <cardinality>1</cardinality>
      </parameter>
      <parameter>
        <name>useEPSV</name>
        <description>
If the value is true, it tells curl to use the EPSV command when doing passive FTP downloads (default true) 
Using EPSV means that it will first attempt to use EPSV before using PASV, but if you pass false to this option, 
it will not try using EPSV, only plain PASV
If the server is an IPv6 host, this option will have no effect.</description>
        <optional>true</optional>
        <rewriteAllowed>true</rewriteAllowed>
        <expressionMode>AttributeFree</expressionMode>
        <type>boolean</type>
        <cardinality>1</cardinality>
      </parameter>
      <parameter>
        <name>useEPRT</name>
        <description>
If the value is true, it tells curl to use the EPRT (and LPRT) command when doing active FTP downloads 
(which is enabled by ftpPORT) default true. Using EPRT means that it will first attempt to use EPRT and then LPRT before using PORT, 
but if you pass false to this option, it will not try using EPRT or LPRT, only plain PORT. 
If the server is an IPv6 host, this option will have no effect as of 7.12.3.</description>
        <optional>true</optional>
        <rewriteAllowed>true</rewriteAllowed>
        <expressionMode>AttributeFree</expressionMode>
        <type>boolean</type>
        <cardinality>1</cardinality>
      </parameter>
      <!-- added in curl version 7.20.0
      <parameter>
        <name>usePRET</name>
        <description>
If the value is 1, it tells curl to send a PRET command before PASV (and EPSV). 
Certain FTP servers, mainly drftpd, require this non-standard command for directory listings as well as up and downloads 
in PASV mode. Has no effect when using the active FTP transfers mode.</description>
        <optional>true</optional>
        <rewriteAllowed>true</rewriteAllowed>
        <expressionMode>AttributeFree</expressionMode>
        <type>boolean</type>
        <cardinality>1</cardinality>
      </parameter>
      -->
      <parameter>
        <name>usePORT</name>
        <description>
It will be used to get the IP address to use for the FTP PORT instruction. 
The PORT instruction tells the remote server to connect to our specified IP address. 
The string may be a plain IP address, a host name, a network interface name or just a '-' symbol to let the 
library use your system's default IP address. 
Default FTP operations are passive, and thus won't use PORT. 
The address can be followed by a ':' to specify a port, optionally followed by a '-' to specify a port range. 
If the port specified is 0, the operating system will pick a free port. If a range is provided and all ports 
in the range are not available, libcurl will report CURLE_FTP_PORT_FAILED for the handle. Invalid port/range 
settings are ignored. IPv6 addresses followed by a port or portrange have to be in brackets. 
IPv6 addresses without port/range specifier can be in brackets. (added in 7.19.5)

Examples with specified ports:

eth0:0   192.168.1.2:32000-33000   curl.se:32123   \[::1\]:1234-4567

You disable PORT again and go back to using the passive version by setting this option to an empty string.</description>
        <optional>true</optional>
        <rewriteAllowed>true</rewriteAllowed>
        <expressionMode>Expression</expressionMode>
        <type>rstring</type>
        <cardinality>1</cardinality>
        <portScope><port>0</port></portScope>
      </parameter>
      <parameter>
        <name>skipPASVIp</name>
        <description>
If set to true, it instructs libcurl to not use the IP address the server suggests in its 227-response 
to libcurl's PASV command when libcurl connects the data connection. Instead libcurl will re-use the same IP address 
it already uses for the control connection. But it will use the port number from the 227-response.</description>
        <optional>true</optional>
        <rewriteAllowed>true</rewriteAllowed>
        <expressionMode>AttributeFree</expressionMode>
        <type>boolean</type>
        <cardinality>1</cardinality>
      </parameter>
    </parameters>
    <inputPorts>
      <inputPortSet>
        <description>This input port triggers a file transfer / directory scan. Typically the requested filename/directory is received from a stream attribute.</description>
        <tupleMutationAllowed>false</tupleMutationAllowed>
        <windowingMode>NonWindowed</windowingMode>
        <windowPunctuationInputMode>Oblivious</windowPunctuationInputMode>
        <cardinality>1</cardinality>
        <optional>false</optional>
      </inputPortSet>
      <inputPortSet>
        <description>This optional input port may be used to set/change the username and password.</description>
        <tupleMutationAllowed>false</tupleMutationAllowed>
        <windowingMode>NonWindowed</windowingMode>
        <windowPunctuationInputMode>Oblivious</windowPunctuationInputMode>
        <controlPort>true</controlPort>
        <cardinality>1</cardinality>
        <optional>true</optional>
      </inputPortSet>
    </inputPorts>
    <outputPorts>
      <outputPortSet>
        <description>This mandatory port emits the file/directory content. The GetData output functions must be applied to this port.</description>
        <expressionMode>Expression</expressionMode> 
        <autoAssignment>true</autoAssignment>
        <completeAssignment>true</completeAssignment>
        <rewriteAllowed>true</rewriteAllowed>
        <outputFunctions>
          <default>AsIs</default>
          <type>GetData</type>
        </outputFunctions>
        <windowPunctuationOutputMode>Generating</windowPunctuationOutputMode>
        <finalPunctuationPortScope>
          <port>0</port>
        </finalPunctuationPortScope>
        <tupleMutationAllowed>true</tupleMutationAllowed>
        <outputAssignmentPortScope>
          <port>0</port>
        </outputAssignmentPortScope>
        <cardinality>1</cardinality>
        <optional>false</optional>
      </outputPortSet>
      <outputPortSet>
        <description>This optional port may be used to carry error information and diagnostics. The GetError output functions may be applied to this port. If no output assignment is applied, the output stream must have a single attribute of type rstring.</description>
        <expressionMode>Expression</expressionMode> 
        <autoAssignment>true</autoAssignment>
        <completeAssignment>false</completeAssignment>
        <rewriteAllowed>true</rewriteAllowed>
        <outputFunctions>
          <default>AsIs</default>
          <type>GetError</type>
        </outputFunctions>
        <windowPunctuationOutputMode>Free</windowPunctuationOutputMode>
        <finalPunctuationPortScope>
          <port>0</port>
        </finalPunctuationPortScope>
        <tupleMutationAllowed>true</tupleMutationAllowed>
        <outputAssignmentPortScope>
          <port>0</port>
        </outputAssignmentPortScope>
        <cardinality>1</cardinality>
        <optional>true</optional>
      </outputPortSet>
    </outputPorts>
  </cppOperatorModel>
</operatorModel>
