<?xml version="1.0" encoding="UTF-8"?><operatorModel xmlns="http://www.ibm.com/xmlns/prod/streams/spl/operator" xmlns:cmn="http://www.ibm.com/xmlns/prod/streams/spl/common" xmlns:xsi="http://www.w3.org/2001/XMLSchema-instance" xsi:schemaLocation="http://www.ibm.com/xmlns/prod/streams/spl/operator operatorModel.xsd">
  <!--DO NOT EDIT THIS FILE - it is machine generated-->
  <javaOperatorModel>
    <!--Generated from com.ibm.streamsx.inet.http.HTTPPostOper in impl/lib/com.ibm.streamsx.inet.jar at Thu Jan 05 07:30:13 EST 2017-->
    <context>
      <description>This operator sends incoming tuples to the specified HTTP server as part of a POST request. A single tuple will be sent as a body of one HTTP POST request. Certain authentication modes are supported. Tuples are sent to the server one at a time in order of receipt. If the HTTP server cannot be accessed, the operation will be retried on the current thread and may temporarily block any additional tuples that arrive on the input port. By default, the data is sent in application/x-www-form-urlencoded UTF-8 encoded format.

**Behavior in a consistent region**


This operator cannot be placed at the start of a consistent region.</description>
      <iconUri size="16">HTTPPost_16.gif</iconUri>
      <iconUri size="32">HTTPPost_32.gif</iconUri>
      <metrics/>
      <executionSettings>
        <className>com.ibm.streamsx.inet.http.HTTPPostOper</className>
      </executionSettings>
      <libraryDependencies>
        <library>
          <cmn:description>Operator class library</cmn:description>
          <cmn:managedLibrary>
            <cmn:libPath>../../impl/lib/com.ibm.streamsx.inet.jar</cmn:libPath>
            <cmn:libPath>../../opt/downloaded/*</cmn:libPath>
          </cmn:managedLibrary>
        </library>
      </libraryDependencies>
    </context>
    <parameters>
      <parameter>
        <name>acceptAllCertificates</name>
        <description>Accept all SSL certificates, even those that are self-signed. Setting this option will allow potentially insecure connections. Default is false.</description>
        <optional>true</optional>
        <type>boolean</type>
        <cardinality>1</cardinality>
      </parameter>
      <parameter>
        <name>authenticationFile</name>
        <description>Path to the properties file containing authentication information. Authentication file is recommended to be stored in the application_dir/etc directory. Path of this file can be absolute or relative, if relative path is specified then it is relative to the application directory. See http_auth_basic.properties in the toolkits etc directory for a sample of basic authentication properties.</description>
        <optional>true</optional>
        <type>rstring</type>
        <cardinality>1</cardinality>
      </parameter>
      <parameter>
        <name>authenticationProperty</name>
        <description>Properties to override those in the authentication file.</description>
        <optional>true</optional>
        <type>rstring</type>
        <cardinality>-1</cardinality>
      </parameter>
      <parameter>
        <name>authenticationType</name>
        <description>Valid options are "basic" and "none". Default is "none".</description>
        <optional>true</optional>
        <type>rstring</type>
        <cardinality>1</cardinality>
      </parameter>
      <parameter>
        <name>connectionTimeout</name>
        <description>Optional parameter specifies amount of time (in seconds) that the operator waits for the connection for to be established. Default is 60.</description>
        <optional>true</optional>
        <type>float64</type>
        <cardinality>1</cardinality>
      </parameter>
      <parameter>
        <name>extraHeaders</name>
        <description>Extra headers to send with request, format is "Header-Name: value".</description>
        <optional>true</optional>
        <type>rstring</type>
        <cardinality>-1</cardinality>
      </parameter>
      <parameter>
        <name>headerContentType</name>
        <description>Set the content type of the HTTP request.  If the value is set to "application/json" then the entire tuple is sent in JSON format using SPL's standard tuple to JSON encoding, if the input schema is `tuple&lt;rstring jsonString&gt;` then `jsonString` is assumed to already be JSON and its value is sent as the content.  Default is "application/x-www-form-urlencoded". Note that if a value other than the above mentioned ones is specified, the input stream can only have a single attribute.</description>
        <optional>true</optional>
        <type>rstring</type>
        <cardinality>1</cardinality>
      </parameter>
      <parameter>
        <name>include</name>
        <description>Specify attributes used to compose the POST. Comma separated list of attribute names that will be posted to the url. The parameter is invalid if HeaderContentType is not "application/json" or "application/x-www-form-urlencoded". Default is to send all attributes.</description>
        <optional>true</optional>
        <expressionMode>Attribute</expressionMode>
        <cardinality>-1</cardinality>
      </parameter>
      <parameter>
        <name>maxRetries</name>
        <description>Maximum number of retries in case of failures/disconnects.</description>
        <optional>true</optional>
        <type>int32</type>
        <cardinality>1</cardinality>
      </parameter>
      <parameter>
        <name>retryDelay</name>
        <description>Wait time between retries in case of failures/disconnects.</description>
        <optional>true</optional>
        <type>float64</type>
        <cardinality>1</cardinality>
      </parameter>
      <parameter>
        <name>url</name>
        <description>URL to connect to</description>
        <optional>false</optional>
        <type>rstring</type>
        <cardinality>1</cardinality>
      </parameter>
    </parameters>
    <inputPorts>
      <inputPortSet>
        <description>By default, all attributes of the input stream are sent as POST data to the specified HTTP server.</description>
        <windowingDescription/>
        <windowingMode>NonWindowed</windowingMode>
        <windowPunctuationInputMode>Oblivious</windowPunctuationInputMode>
        <controlPort>false</controlPort>
        <cardinality>1</cardinality>
        <optional>false</optional>
      </inputPortSet>
    </inputPorts>
    <outputPorts>
      <outputPortSet>
        <description>Emits a tuple containing the reponse received from the server and assignments automatically forwarded from the input. Tuple structure must conform to the [HTTPResponse] type specified in this namespace. Additional attributes with corresponding input attributes will be forwarded before the POST request.</description>
        <windowPunctuationOutputMode>Free</windowPunctuationOutputMode>
        <cardinality>1</cardinality>
        <optional>true</optional>
      </outputPortSet>
    </outputPorts>
  </javaOperatorModel>
</operatorModel>