<?xml version="1.0" encoding="UTF-8"?><functionModel xmlns="http://www.ibm.com/xmlns/prod/streams/spl/function" xmlns:cmn="http://www.ibm.com/xmlns/prod/streams/spl/common" xmlns:xsi="http://www.w3.org/2001/XMLSchema-instance" xsi:schemaLocation="http://www.ibm.com/xmlns/prod/streams/spl/function functionModel.xsd">
  <!--DO NOT EDIT THIS FILE - it is machine generated-->
  <functionSet>
    <headerFileName>SPL_JNIFunctions_com_ibm_streamsx_inet_rest.h</headerFileName>
    <cppNamespaceName>SPL::JNIFunctions::com::ibm::streamsx::inet::rest::SPL_JNIFunctions</cppNamespaceName>
    <functions>
      <function>
        <!--Generated from com.ibm.streamsx.inet.rest.ops.Functions in impl/lib/com.ibm.streamsx.inet.jar at Thu Jan 05 07:30:13 EST 2017-->
        <description>Obfuscate a password for an operator in this namespace.If the password is starts with `OBF:` then it is assumed to be already obfuscated and input is returned unchanged. This allowsexternal tools to pass submission time values that are already obfuscated. The Eclipse Jetty class `org.eclipse.jetty.util.security.Password` is the underlying utility.</description>
        <prototype><![CDATA[<string T> public T obfuscate(T password)]]></prototype>
        <javaFunctionName>public static java.lang.String com.ibm.streamsx.inet.rest.ops.Functions.obfuscate(java.lang.String)</javaFunctionName>
      </function>
    </functions>
    <dependencies>
      <library>
        <cmn:description>C++ interface to Java native functions.</cmn:description>
        <cmn:managedLibrary>
          <cmn:lib>streams-stdtk-javaop</cmn:lib>
          <cmn:lib>streams-stdtk-runtime</cmn:lib>
          <cmn:includePath>.</cmn:includePath>
        </cmn:managedLibrary>
      </library>
      <library>
        <cmn:description>Java JNI.</cmn:description>
        <cmn:managedLibrary>
          <cmn:lib>pthread</cmn:lib>
          <cmn:lib>dl</cmn:lib>
          <cmn:includePath>@JAVA_HOME@/include</cmn:includePath>
          <cmn:command>@STREAMS_TOOLKIT_DIR@/impl/bin/JavaOp_vmpath.sh</cmn:command>
        </cmn:managedLibrary>
      </library>
    </dependencies>
  </functionSet>
</functionModel>