<?xml version="1.0" encoding="UTF-8"?><operatorModel xmlns="http://www.ibm.com/xmlns/prod/streams/spl/operator" xmlns:cmn="http://www.ibm.com/xmlns/prod/streams/spl/common" xmlns:xsi="http://www.w3.org/2001/XMLSchema-instance" xsi:schemaLocation="http://www.ibm.com/xmlns/prod/streams/spl/operator operatorModel.xsd">
  <!--DO NOT EDIT THIS FILE - it is machine generated-->
  <javaOperatorModel>
    <!--Generated from com.ibm.streamsx.inet.httpxml.HTTPGetXMLContent in impl/lib/com.ibm.streamsx.inet.jar at Thu Jan 05 07:30:13 EST 2017-->
    <context>
      <description>Periodically connects to an HTTP endpoint to GET XML content as a single tuple. The XML content is assigned  to the first attribute in the output tuple which must be of type `xml`.The URL can have a single query parameter updated using the `updateParameter` parameter.When set the URL query string will be modified to set the named parameter to a new value.The default action is to set it to the number of milliseconds since the 1970 epoch.</description>
      <iconUri size="16">HTTPGetXMLContent_16.gif</iconUri>
      <iconUri size="32">HTTPGetXMLContent_32.gif</iconUri>
      <metrics>
        <metric>
          <name>nFailedRequests</name>
          <description>Number of HTTP requests that failed, did not return response 200.</description>
          <kind>Counter</kind>
        </metric>
      </metrics>
      <executionSettings>
        <className>com.ibm.streamsx.inet.httpxml.HTTPGetXMLContent</className>
      </executionSettings>
      <libraryDependencies>
        <library>
          <cmn:description>Operator class library</cmn:description>
          <cmn:managedLibrary>
            <cmn:libPath>../../impl/lib/com.ibm.streamsx.inet.jar</cmn:libPath>
          </cmn:managedLibrary>
        </library>
      </libraryDependencies>
    </context>
    <parameters>
      <parameter>
        <name>acceptAllCertificates</name>
        <description>Accept all SSL certificates, even those that are self-signed. Setting this option will allow potentially insecure connections. Default is false.</description>
        <optional>true</optional>
        <type>boolean</type>
        <cardinality>1</cardinality>
      </parameter>
      <parameter>
        <name>extraHeaders</name>
        <description>Extra headers to send with request, format is "Header-Name: value"</description>
        <optional>true</optional>
        <type>rstring</type>
        <cardinality>-1</cardinality>
      </parameter>
      <parameter>
        <name>initDelay</name>
        <description>Delay in seconds before the operator starts producing tuples.</description>
        <optional>true</optional>
        <type>int64</type>
        <cardinality>1</cardinality>
      </parameter>
      <parameter>
        <name>iterations</name>
        <description>The number of tuples to submit. Negative value or zero means continually fetch and submit tuples.</description>
        <optional>true</optional>
        <type>int32</type>
        <cardinality>1</cardinality>
      </parameter>
      <parameter>
        <name>period</name>
        <description>Polling period in seconds. Tuples will be fetched every `period` seconds.</description>
        <optional>true</optional>
        <type>float64</type>
        <cardinality>1</cardinality>
      </parameter>
      <parameter>
        <name>updateParameter</name>
        <description>URL query parameter to update based upon content in a successful request.</description>
        <optional>true</optional>
        <type>rstring</type>
        <cardinality>1</cardinality>
      </parameter>
      <parameter>
        <name>updateParameterFromContent</name>
        <description>Update the query parameter set in `updateParameter` from the value of this XPath expression against the returned content.</description>
        <optional>true</optional>
        <type>rstring</type>
        <cardinality>1</cardinality>
      </parameter>
      <parameter>
        <name>url</name>
        <description>URL to HTTP GET content from.</description>
        <optional>false</optional>
        <type>rstring</type>
        <cardinality>1</cardinality>
      </parameter>
    </parameters>
    <inputPorts/>
    <outputPorts>
      <outputPortSet>
        <description>Content of the HTTP GET request as an XML attribute. Each successful HTTP request that returns a single well-formed XML document results in a submitted tuple with an XML attribute containing the returned content.</description>
        <windowPunctuationOutputMode>Free</windowPunctuationOutputMode>
        <cardinality>1</cardinality>
        <optional>false</optional>
      </outputPortSet>
    </outputPorts>
  </javaOperatorModel>
</operatorModel>