<?xml version="1.0" encoding="UTF-8" standalone="no" ?>
<operatorInstanceModel xmlns="http://www.ibm.com/xmlns/prod/streams/spl/operator/instance" xmlns:an="http://www.ibm.com/xmlns/prod/streams/spl/annotation" xmlns:tt="http://www.ibm.com/xmlns/prod/streams/spl/tupleType" xmlns:xsi="http://www.w3.org/2001/XMLSchema-instance">

  <context>
    <kind>com.ibm.streamsx.json::TupleToJSON</kind>
    <class>VitalsRangeCheckPublish_5::TupleToJSON_6</class>
    <operatorModelDirectory>/opt/ibm/InfoSphere_Streams/4.2.0.0/toolkits/spl/spl/utility/JavaOp</operatorModelDirectory>
    <applicationDirectory>/home/streamsadmin/git/streamsx.health/samples/PatientsMonitoringDemo/.toolkits/com.ibm.streamsx.health.analyze.vital</applicationDirectory>
    <dataDirectory>/home/streamsadmin/git/streamsx.health/samples/PatientsMonitoringDemo/.toolkits/com.ibm.streamsx.health.analyze.vital/data</dataDirectory>
    <outputDirectory>/home/streamsadmin/git/streamsx.health/samples/PatientsMonitoringDemo/.toolkits/com.ibm.streamsx.health.analyze.vital/output/com.ibm.streamsx.health.analyze.vital.VitalRangeCheckService/BuildConfig</outputDirectory>
    <toolkits>
      <toolkit isCurrentToolkit="false">
        <name>com.ibm.streamsx.health.analyze.vital</name>
        <rootDirectory>/home/streamsadmin/git/streamsx.health/samples/PatientsMonitoringDemo/.toolkits/com.ibm.streamsx.health.analyze.vital</rootDirectory>
        <index>0</index>
      </toolkit>
      <toolkit isCurrentToolkit="false">
        <name>spl</name>
        <rootDirectory>/opt/ibm/InfoSphere_Streams/4.2.0.0/toolkits/spl</rootDirectory>
        <index>1</index>
      </toolkit>
      <toolkit isCurrentToolkit="false">
        <name>com.ibm.streams.rulescompiler</name>
        <rootDirectory>/opt/ibm/InfoSphere_Streams/4.2.0.0/toolkits/com.ibm.streams.rulescompiler</rootDirectory>
        <index>2</index>
      </toolkit>
      <toolkit isCurrentToolkit="false">
        <name>com.ibm.streamsx.health.ingest</name>
        <rootDirectory>/home/streamsadmin/git/streamsx.health/ingest/common/com.ibm.streamsx.health.ingest</rootDirectory>
        <index>3</index>
      </toolkit>
      <toolkit isCurrentToolkit="true">
        <name>com.ibm.streamsx.json</name>
        <rootDirectory>/home/streamsadmin/git/streamsx.json/com.ibm.streamsx.json</rootDirectory>
        <index>4</index>
      </toolkit>
      <toolkit isCurrentToolkit="false">
        <name>com.ibm.streamsx.topology</name>
        <rootDirectory>/opt/ibm/InfoSphere_Streams/4.2.0.0/toolkits/com.ibm.streamsx.topology</rootDirectory>
        <index>5</index>
      </toolkit>
    </toolkits>
    <optimized>true</optimized>
    <verbose>false</verbose>
    <networkByteOrdering>false</networkByteOrdering>
    <codeBeautification>false</codeBeautification>
    <includes>
      <include>"../../type/BeJwrMS6yLEgsyUzNK_1FMSTJNzEktKskpsshNLS5OTE8tBgC8_0wwS.h"</include>
      <include>"../../type/BeJwrMSw2NMgqzs8LLinKzEsHACrhAWr.h"</include>
    </includes>
    <stateVariables/>
    <runtimeConstants/>
    <sourceLocation>
      <file>com.ibm.streamsx.health.analyze.vital.connectors/VitalsRangeCheckPublish.spl</file>
      <line>17</line>
      <column>3</column>
    </sourceLocation>
    <productVersion>4.2.0.0</productVersion>
    <types>
      <type index="0" type="rstring"/>
    </types>
    <javaOperatorModelDirectory>/home/streamsadmin/git/streamsx.json/com.ibm.streamsx.json/com.ibm.streamsx.json/TupleToJSON</javaOperatorModelDirectory>
    <checkpointKind>none</checkpointKind>
  </context>

  <parameters>
    <parameter>
      <name>className</name>
      <values>
        <value>
          <cppType>SPL::rstring</cppType>
          <splType>rstring</splType>
          <hasRuntimeConstant>false</hasRuntimeConstant>
          <cppExpression>SPL::rstring("com.ibm.streamsx.json.TupleToJSON")</cppExpression>
          <splExpression>"com.ibm.streamsx.json.TupleToJSON"</splExpression>
          <hasFunctions>false</hasFunctions>
          <hasSideEffects>false</hasSideEffects>
          <readsState>false</readsState>
          <hasStreamAttributes>false</hasStreamAttributes>
          <parameterExpressionMode>AttributeFree</parameterExpressionMode>
          <sourceLocation>
            <file>&lt;invalid&gt;</file>
            <line>-1</line>
            <column>0</column>
          </sourceLocation>
        </value>
      </values>
      <sourceLocation>
        <file>&lt;invalid&gt;</file>
        <line>-1</line>
        <column>0</column>
      </sourceLocation>
    </parameter>
    <parameter>
      <name>classLibrary</name>
      <values>
        <value>
          <cppType>SPL::rstring</cppType>
          <splType>rstring</splType>
          <hasRuntimeConstant>false</hasRuntimeConstant>
          <cppExpression>(SPL::Functions::Utility::getToolkitDirectory(SPL::rstring("com.ibm.streamsx.json")) + SPL::rstring("/impl/lib/com.ibm.streamsx.json.jar"))</cppExpression>
          <splExpression>getToolkitDirectory("com.ibm.streamsx.json") + "/impl/lib/com.ibm.streamsx.json.jar"</splExpression>
          <hasFunctions>true</hasFunctions>
          <hasSideEffects>false</hasSideEffects>
          <readsState>false</readsState>
          <hasStreamAttributes>false</hasStreamAttributes>
          <parameterExpressionMode>AttributeFree</parameterExpressionMode>
          <sourceLocation>
            <file>&lt;invalid&gt;</file>
            <line>-1</line>
            <column>0</column>
          </sourceLocation>
          <expressionTree>
            <binary op="+" type="0">
              <lhs>
                <call fcn="getToolkitDirectory" type="0">
                  <args count="1">
                    <arg type="0">
                      <literal type="0">"com.ibm.streamsx.json"</literal>
                    </arg>
                  </args>
                </call>
              </lhs>
              <rhs>
                <literal type="0">"/impl/lib/com.ibm.streamsx.json.jar"</literal>
              </rhs>
            </binary>
          </expressionTree>
        </value>
        <value>
          <cppType>SPL::rstring</cppType>
          <splType>rstring</splType>
          <hasRuntimeConstant>false</hasRuntimeConstant>
          <cppExpression>(SPL::Functions::Utility::getToolkitDirectory(SPL::rstring("com.ibm.streamsx.json")) + SPL::rstring("/lib/com.ibm.streamsx.json.converters.jar"))</cppExpression>
          <splExpression>getToolkitDirectory("com.ibm.streamsx.json") + "/lib/com.ibm.streamsx.json.converters.jar"</splExpression>
          <hasFunctions>true</hasFunctions>
          <hasSideEffects>false</hasSideEffects>
          <readsState>false</readsState>
          <hasStreamAttributes>false</hasStreamAttributes>
          <parameterExpressionMode>AttributeFree</parameterExpressionMode>
          <sourceLocation>
            <file>&lt;invalid&gt;</file>
            <line>-1</line>
            <column>0</column>
          </sourceLocation>
          <expressionTree>
            <binary op="+" type="0">
              <lhs>
                <call fcn="getToolkitDirectory" type="0">
                  <args count="1">
                    <arg type="0">
                      <literal type="0">"com.ibm.streamsx.json"</literal>
                    </arg>
                  </args>
                </call>
              </lhs>
              <rhs>
                <literal type="0">"/lib/com.ibm.streamsx.json.converters.jar"</literal>
              </rhs>
            </binary>
          </expressionTree>
        </value>
      </values>
      <sourceLocation>
        <file>&lt;invalid&gt;</file>
        <line>-1</line>
        <column>0</column>
      </sourceLocation>
    </parameter>
  </parameters>

  <inputPorts>
    <inputPort>
      <index>0</index>
      <tupleCppName>iport$0</tupleCppName>
      <tupleCppType>SPL::BeJwrMS6yLEgsyUzNK_1FMSTJNzEktKskpsshNLS5OTE8tBgC8_0wwS</tupleCppType>
      <tupleSPLType>tuple&lt;ustring patientId,boolean alert,list&lt;ustring&gt; messages&gt;</tupleSPLType>
      <facade>false</facade>
      <mutationAllowed>false</mutationAllowed>
      <sourceLocation>
        <file>com.ibm.streamsx.health.analyze.vital.connectors/VitalsRangeCheckPublish.spl</file>
        <line>18</line>
        <column>16</column>
      </sourceLocation>
      <attributes>
        <attribute>
          <name>patientId</name>
          <cppType>SPL::ustring</cppType>
          <splType>ustring</splType>
        </attribute>
        <attribute>
          <name>alert</name>
          <cppType>SPL::boolean</cppType>
          <splType>boolean</splType>
        </attribute>
        <attribute>
          <name>messages</name>
          <cppType>SPL::list&lt;SPL::ustring &gt;</cppType>
          <splType>list&lt;ustring&gt;</splType>
        </attribute>
      </attributes>
      <tuple>
        <tt:attr name="patientId" type="ustring"/>
        <tt:attr name="alert" type="boolean"/>
        <tt:attr name="messages">
          <tt:list elementType="ustring"/>
        </tt:attr>
      </tuple>
    </inputPort>
  </inputPorts>

  <outputPorts>
    <outputPort>
      <index>0</index>
      <tupleCppName>oport$0</tupleCppName>
      <tupleCppType>SPL::BeJwrMSw2NMgqzs8LLinKzEsHACrhAWr</tupleCppType>
      <tupleSPLType>tuple&lt;rstring jsonString&gt;</tupleSPLType>
      <facade>false</facade>
      <mutationAllowed>true</mutationAllowed>
      <sourceLocation>
        <file>com.ibm.streamsx.health.analyze.vital.connectors/VitalsRangeCheckPublish.spl</file>
        <line>17</line>
        <column>4</column>
      </sourceLocation>
      <attributes>
        <attribute>
          <name>jsonString</name>
          <cppType>SPL::rstring</cppType>
          <splType>rstring</splType>
        </attribute>
      </attributes>
      <tuple>
        <tt:attr name="jsonString" type="rstring"/>
      </tuple>
      <finalPunctuationPortScope>
        <port>0</port>
      </finalPunctuationPortScope>
    </outputPort>
  </outputPorts>

</operatorInstanceModel>
