<?xml version="1.0" encoding="UTF-8" standalone="no" ?>
<toolkitModel xmlns="http://www.ibm.com/xmlns/prod/streams/spl/toolkit" productVersion="4.2.0.0" xmlns:common="http://www.ibm.com/xmlns/prod/streams/spl/common" xmlns:ti="http://www.ibm.com/xmlns/prod/streams/spl/toolkitInfo" xmlns:xsi="http://www.w3.org/2001/XMLSchema-instance">

  <toolkit name="com.ibm.streamsx.health.analyze.vital" requiredProductVersion="4.2.0.0" version="1.0.0">
    <description/>
    <uriTable>
      <uri index="1" value="com.ibm.streamsx.health.analyze.vital/VitalRangeCheckService.spl"/>
      <uri index="3" value="com.ibm.streamsx.health.analyze.vital.generated/demo/HealthRules_demo__types.spl"/>
      <uri index="2" value="com.ibm.streamsx.health.analyze.vital/Main.spl"/>
      <uri index="5" value="com.ibm.streamsx.health.analyze.vital.generated/HealthRules.spl"/>
      <uri index="6" value="com.ibm.streamsx.health.analyze.vital.connectors/VitalsRangeCheckPublish.spl"/>
      <uri index="4" value="com.ibm.streamsx.health.analyze.vital.generated/HealthRules_functions.spl"/>
      <uri index="7" value="com.ibm.streamsx.health.analyze.vital.connectors/VitalsRangeCheckSubscribe.spl"/>
    </uriTable>
    <namespace name="com.ibm.streamsx.health.analyze.vital.generated.demo">
      <type column="6" line="5" name="Patient" static="true" type="int32 age, boolean alert, int32 bpDiastolic, int32 bpSystolic, float32 heartRate, float32 hrAverage, list&lt;ustring> messages, ustring name, ustring roomInfo, int32 spO2, float32 temperature" uriIndex="3"/>
    </namespace>
    <namespace name="com.ibm.streamsx.health.analyze.vital">
      <compositeOp column="11" line="65" name="VitalsCheck" potentialMain="false" uriIndex="1">
        <inputPort name="In0" portIndex="0"/>
        <outputPort name="Out0" portIndex="0"/>
      </compositeOp>
      <compositeOp column="18" line="117" name="VitalRangeCheckService" potentialMain="true" public="true" uriIndex="1"/>
      <compositeOp column="18" line="8" name="Main" potentialMain="true" public="true" uriIndex="2"/>
      <function column="1" line="23" name="newPatient" native="false" returnType="Patient" uriIndex="1">
        <prototype>Patient newPatient()</prototype>
      </function>
      <function column="1" line="35" name="populate" native="false" returnType="Patient" uriIndex="1">
        <prototype>Patient populate(mutable Patient patient, Observation obs)</prototype>
        <parameter mutable="true" name="patient" type="Patient"/>
        <parameter name="obs" type="Observation"/>
      </function>
    </namespace>
    <namespace name="com.ibm.streamsx.health.analyze.vital.generated">
      <compositeOp column="18" line="11" name="HealthRules" potentialMain="false" public="true" uriIndex="5">
        <inputPort name="ruleIn" portIndex="0" type="stream&lt;Patient i_Patient>"/>
        <outputPort name="ruleOut" portIndex="0" type="stream&lt;tuple&lt;Patient o_Patient>>"/>
      </compositeOp>
      <function column="1" line="15" name="addToMessages" native="false" public="true" returnType="void" uriIndex="4">
        <prototype>public void addToMessages(mutable Patient obj, ustring arg0)</prototype>
        <parameter mutable="true" name="obj" type="Patient"/>
        <parameter name="arg0" type="ustring"/>
      </function>
      <function column="1" line="20" name="setAlert" native="false" public="true" returnType="void" uriIndex="4">
        <prototype>public void setAlert(mutable Patient obj)</prototype>
        <parameter mutable="true" name="obj" type="Patient"/>
      </function>
    </namespace>
    <namespace name="com.ibm.streamsx.health.analyze.vital.connectors">
      <compositeOp column="18" line="14" name="VitalsRangeCheckPublish" potentialMain="false" public="true" uriIndex="6">
        <inputPort name="In0" portIndex="0"/>
      </compositeOp>
      <compositeOp column="18" line="7" name="VitalsRangeCheckSubscribe" potentialMain="false" public="true" uriIndex="7">
        <outputPort name="Out0" portIndex="0"/>
      </compositeOp>
      <function column="1" line="7" name="TOPIC_VITALSRANGECHECK" native="false" public="true" returnType="rstring" uriIndex="6">
        <prototype>public rstring TOPIC_VITALSRANGECHECK()</prototype>
      </function>
      <type column="6" line="11" name="PatientAlert" static="true" type="ustring patientId, boolean alert, list&lt;ustring> messages" uriIndex="6"/>
      <type column="6" line="12" name="PublishJsonString" static="true" type="rstring jsonString" uriIndex="6"/>
    </namespace>
    <dependency>
      <common:name>com.ibm.streams.rulescompiler</common:name>
      <common:version>1.0.0</common:version>
    </dependency>
    <dependency>
      <common:name>com.ibm.streamsx.health.ingest</common:name>
      <common:version>[1.0.0,2.0.0)</common:version>
    </dependency>
    <sabFiles>
      <ti:include path="toolkit.xml" root="toolkitDir"/>
      <ti:include path="impl/java/lib/**" root="toolkitDir"/>
      <ti:include path="impl/java/bin/**" root="toolkitDir"/>
      <ti:include path="impl/bin/**" root="toolkitDir"/>
      <ti:include path="impl/lib/**" root="toolkitDir"/>
      <ti:include path="impl/nl/*.dat" root="toolkitDir"/>
      <ti:include path="etc/**" root="toolkitDir"/>
      <ti:include path="lib/**" root="toolkitDir"/>
      <ti:include path="nl/**" root="toolkitDir"/>
      <ti:include path="opt/**" root="toolkitDir"/>
    </sabFiles>
  </toolkit>

</toolkitModel>
