<?xml version="1.0" encoding="UTF-8"?><operatorModel xmlns="http://www.ibm.com/xmlns/prod/streams/spl/operator" xmlns:cmn="http://www.ibm.com/xmlns/prod/streams/spl/common" xmlns:xsi="http://www.w3.org/2001/XMLSchema-instance" xsi:schemaLocation="http://www.ibm.com/xmlns/prod/streams/spl/operator operatorModel.xsd">
  <!--DO NOT EDIT THIS FILE - it is machine generated-->
  <javaOperatorModel>
    <!--Generated from com.ibm.streamsx.inet.wsserver.WebSocketSend in impl/lib/com.ibm.streamsx.inet.jar at Thu Jan 05 07:30:13 EST 2017-->
    <context>
      <description>Operator transmits tuples recieved on the input port via WebSocket protocol to connected clients.Upon startup, starts WebSocket Server. As tuple arrives on the input port they're converted intoJSON formatted messages and transmitted to all currently connected clients. Clients can connect and disconnect at anytime.</description>
      <iconUri size="16">WebSocketSend_16.gif</iconUri>
      <iconUri size="32">WebSocketSend_32.gif</iconUri>
      <metrics>
        <metric>
          <name>nClientsConnected</name>
          <description>Number of clients currently using WebSocket</description>
          <kind>Gauge</kind>
        </metric>
        <metric>
          <name>nMessagesSent</name>
          <description>Number of messages sent using WebSocket</description>
          <kind>Counter</kind>
        </metric>
      </metrics>
      <executionSettings>
        <className>com.ibm.streamsx.inet.wsserver.WebSocketSend</className>
      </executionSettings>
      <libraryDependencies>
        <library>
          <cmn:description>Operator class library</cmn:description>
          <cmn:managedLibrary>
            <cmn:libPath>../../impl/lib/com.ibm.streamsx.inet.jar</cmn:libPath>
            <cmn:libPath>../../opt/wssupport/Java-WebSocket-1.3.0.jar</cmn:libPath>
          </cmn:managedLibrary>
        </library>
      </libraryDependencies>
    </context>
    <parameters>
      <parameter>
        <name>batchSize</name>
        <description>Set the batch size.</description>
        <optional>true</optional>
        <type>int32</type>
        <cardinality>1</cardinality>
      </parameter>
      <parameter>
        <name>port</name>
        <description>Port that clients connect to and tuples formatted as JSON message are transmitted over.</description>
        <optional>false</optional>
        <type>int32</type>
        <cardinality>1</cardinality>
      </parameter>
    </parameters>
    <inputPorts>
      <inputPortSet>
        <description>Port that clients connect to and tuples formatted as JSON message are transmitted over.</description>
        <windowingDescription/>
        <windowingMode>NonWindowed</windowingMode>
        <windowPunctuationInputMode>Oblivious</windowPunctuationInputMode>
        <controlPort>false</controlPort>
        <cardinality>1</cardinality>
        <optional>false</optional>
      </inputPortSet>
    </inputPorts>
    <outputPorts/>
  </javaOperatorModel>
</operatorModel>