<?xml version="1.0" encoding="UTF-8" standalone="no" ?>
<tupleModel xmlns="http://www.ibm.com/xmlns/prod/streams/spl/tuple" class="BeJwli8EKAjEMBX_1J6Aq7xwUvnhT9AEmXVw20TUmi4N9b8DYDM0FBJAd_0Ih25wEKIUj8Je2iRTWiX_0v37l7y8wBY3Dgy09QMbX7G5wn2Q29S4wmZTreeWVSbvl30mCtQ_04ngbFn1cOQQtfhZfC6R" equalitySupported="true" facade="false" splType="tuple&lt;tuple&lt;int32 age,boolean alert,int32 bpDiastolic,int32 bpSystolic,float32 heartRate,float32 hrAverage,list&lt;ustring> messages,ustring name,ustring roomInfo,int32 spO2,float32 temperature> o_Patient>" xmlns:xsi="http://www.w3.org/2001/XMLSchema-instance">

  <headers>
    <header>BeJwli8EKwjAQBX_1JtRXqUfDiSdAv2MhLXUia8HYV_0vcGvM3ATIjYpCvSSQsYJpL61dSjFXuZHFJ_17n_1J5zeU8dDAQF6_04PgKlwr3Qc550woubK3ettxs9n4_1ZpFA7SOOD_1EDDpMqAQ</header>
  </headers>

  <attributes>
    <attribute>
      <name>o_Patient</name>
      <cppType>SPL::BeJwli8EKwjAQBX_1JtRXqUfDiSdAv2MhLXUia8HYV_0vcGvM3ATIjYpCvSSQsYJpL61dSjFXuZHFJ_17n_1J5zeU8dDAQF6_04PgKlwr3Qc550woubK3ettxs9n4_1ZpFA7SOOD_1EDDpMqAQ</cppType>
      <splType>tuple&lt;int32 age,boolean alert,int32 bpDiastolic,int32 bpSystolic,float32 heartRate,float32 hrAverage,list&lt;ustring&gt; messages,ustring name,ustring roomInfo,int32 spO2,float32 temperature&gt;</splType>
    </attribute>
  </attributes>

</tupleModel>
