<?xml version="1.0" encoding="UTF-8" standalone="no" ?>
<tupleModel xmlns="http://www.ibm.com/xmlns/prod/streams/spl/tuple" class="BeJwli0sKAjEQBa9k6wgzywE3rhQ9gHSGF23Ij85T8PYG3FVBFYUidtAnwlETnCYS2sm0sybbTHah3b9_1icsL6rwpMdDXD3x8yeeM3gd1n4pm_0Oy15nOJ1abeLvsoQuQ2Yr4diz2uSkPhDxYpC6L" equalitySupported="true" facade="false" splType="tuple&lt;tuple&lt;int32 age,boolean alert,int32 bpDiastolic,int32 bpSystolic,float32 heartRate,float32 hrAverage,list&lt;ustring> messages,ustring name,ustring roomInfo,int32 spO2,float32 temperature> i_Patient>" xmlns:xsi="http://www.w3.org/2001/XMLSchema-instance">

  <headers>
    <header>BeJwli8EKwjAQBX_1JtRXqUfDiSdAv2MhLXUia8HYV_0vcGvM3ATIjYpCvSSQsYJpL61dSjFXuZHFJ_17n_1J5zeU8dDAQF6_04PgKlwr3Qc550woubK3ettxs9n4_1ZpFA7SOOD_1EDDpMqAQ</header>
  </headers>

  <attributes>
    <attribute>
      <name>i_Patient</name>
      <cppType>SPL::BeJwli8EKwjAQBX_1JtRXqUfDiSdAv2MhLXUia8HYV_0vcGvM3ATIjYpCvSSQsYJpL61dSjFXuZHFJ_17n_1J5zeU8dDAQF6_04PgKlwr3Qc550woubK3ettxs9n4_1ZpFA7SOOD_1EDDpMqAQ</cppType>
      <splType>tuple&lt;int32 age,boolean alert,int32 bpDiastolic,int32 bpSystolic,float32 heartRate,float32 hrAverage,list&lt;ustring&gt; messages,ustring name,ustring roomInfo,int32 spO2,float32 temperature&gt;</splType>
    </attribute>
  </attributes>

</tupleModel>
