<?xml version="1.0" encoding="UTF-8" standalone="no" ?>
<tupleModel xmlns="http://www.ibm.com/xmlns/prod/streams/spl/tuple" class="BeJwli8EKwjAQBX_1JtRXqUfDiSdAv2MhLXUia8HYV_0vcGvM3ATIjYpCvSSQsYJpL61dSjFXuZHFJ_17n_1J5zeU8dDAQF6_04PgKlwr3Qc550woubK3ettxs9n4_1ZpFA7SOOD_1EDDpMqAQ" equalitySupported="true" facade="false" splType="tuple&lt;int32 age,boolean alert,int32 bpDiastolic,int32 bpSystolic,float32 heartRate,float32 hrAverage,list&lt;ustring> messages,ustring name,ustring roomInfo,int32 spO2,float32 temperature>" xmlns:xsi="http://www.w3.org/2001/XMLSchema-instance">

  <headers/>

  <attributes>
    <attribute>
      <name>age</name>
      <cppType>SPL::int32</cppType>
      <splType>int32</splType>
    </attribute>
    <attribute>
      <name>alert</name>
      <cppType>SPL::boolean</cppType>
      <splType>boolean</splType>
    </attribute>
    <attribute>
      <name>bpDiastolic</name>
      <cppType>SPL::int32</cppType>
      <splType>int32</splType>
    </attribute>
    <attribute>
      <name>bpSystolic</name>
      <cppType>SPL::int32</cppType>
      <splType>int32</splType>
    </attribute>
    <attribute>
      <name>heartRate</name>
      <cppType>SPL::float32</cppType>
      <splType>float32</splType>
    </attribute>
    <attribute>
      <name>hrAverage</name>
      <cppType>SPL::float32</cppType>
      <splType>float32</splType>
    </attribute>
    <attribute>
      <name>messages</name>
      <cppType>SPL::list&lt;SPL::ustring &gt;</cppType>
      <splType>list&lt;ustring&gt;</splType>
    </attribute>
    <attribute>
      <name>name</name>
      <cppType>SPL::ustring</cppType>
      <splType>ustring</splType>
    </attribute>
    <attribute>
      <name>roomInfo</name>
      <cppType>SPL::ustring</cppType>
      <splType>ustring</splType>
    </attribute>
    <attribute>
      <name>spO2</name>
      <cppType>SPL::int32</cppType>
      <splType>int32</splType>
    </attribute>
    <attribute>
      <name>temperature</name>
      <cppType>SPL::float32</cppType>
      <splType>float32</splType>
    </attribute>
  </attributes>

</tupleModel>
