<?xml version="1.0" encoding="UTF-8" standalone="no" ?>
<tupleModel xmlns="http://www.ibm.com/xmlns/prod/streams/spl/tuple" class="BeJwrMS6yLEgsyUzNK_1FMSTJNzEktKskpsshNLS5OTE8tBgC8_0wwS" equalitySupported="true" facade="false" splType="tuple&lt;ustring patientId,boolean alert,list&lt;ustring> messages>" xmlns:xsi="http://www.w3.org/2001/XMLSchema-instance">

  <headers/>

  <attributes>
    <attribute>
      <name>patientId</name>
      <cppType>SPL::ustring</cppType>
      <splType>ustring</splType>
    </attribute>
    <attribute>
      <name>alert</name>
      <cppType>SPL::boolean</cppType>
      <splType>boolean</splType>
    </attribute>
    <attribute>
      <name>messages</name>
      <cppType>SPL::list&lt;SPL::ustring &gt;</cppType>
      <splType>list&lt;ustring&gt;</splType>
    </attribute>
  </attributes>

</tupleModel>
