<?xml version="1.0" encoding="UTF-8" standalone="no" ?>
<tupleModel xmlns="http://www.ibm.com/xmlns/prod/streams/spl/tuple" class="BeJwtjFsOwjAMBK9EHhS4AFK_04QIhtlCkNo66TtXentLmd3Zm1apXC5sJ5jJKipqlBBqIl5wYj7oDLhpIXZcgbU783irjflqBjJs5Ui7f1zGqD1ax3w7YoDzBJyE2pkv_19nld4tgYrsl069zJZ4WrmX46njfp" equalitySupported="true" facade="false" splType="tuple&lt;tuple&lt;tuple&lt;rstring id,rstring locationId> device,rstring patientId,tuple&lt;rstring id,rstring sourceType,rstring deviceId> readingSource,tuple&lt;int64 ts,tuple&lt;rstring system,rstring code> readingType,float64 value,rstring uom> reading> obx,rstring pid>" xmlns:xsi="http://www.w3.org/2001/XMLSchema-instance">

  <headers>
    <header>BeJwtjFsOgzAMBK_1UPID2ApXyTS8QxRaKBDFiHSRuD4X8zs6serWwmWBes6SoWUqgnnjPifFZL8BFA6lrEqRuiX_1Hyng_1ViDjNo6UyzTeo_1pgFddtjwPKC3wSYmOa9G_0_13R7nynBVlqHxE_1atDPk</header>
  </headers>

  <attributes>
    <attribute>
      <name>obx</name>
      <cppType>SPL::BeJwtjFsOgzAMBK_1UPID2ApXyTS8QxRaKBDFiHSRuD4X8zs6serWwmWBes6SoWUqgnnjPifFZL8BFA6lrEqRuiX_1Hyng_1ViDjNo6UyzTeo_1pgFddtjwPKC3wSYmOa9G_0_13R7nynBVlqHxE_1atDPk</cppType>
      <splType>tuple&lt;tuple&lt;rstring id,rstring locationId&gt; device,rstring patientId,tuple&lt;rstring id,rstring sourceType,rstring deviceId&gt; readingSource,tuple&lt;int64 ts,tuple&lt;rstring system,rstring code&gt; readingType,float64 value,rstring uom&gt; reading&gt;</splType>
    </attribute>
    <attribute>
      <name>pid</name>
      <cppType>SPL::rstring</cppType>
      <splType>rstring</splType>
    </attribute>
  </attributes>

</tupleModel>
