<?xml version="1.0" encoding="UTF-8" standalone="no" ?>
<tupleModel xmlns="http://www.ibm.com/xmlns/prod/streams/spl/tuple" class="BeJxdjkEKAjEMRa9kVPQAA0LApfsSOgELmaQ0cZy5vYtiEZfv8eD_1gAPCKSWvklZuXkwdLp15q9bisVd2gK7CasnicP3BO68sjkf4d5O9NEZLIva_0FQluYzE_1SZUFv81C29SVI5y7a6SzLTiPD1nI_1QNUwUZA" equalitySupported="true" facade="false" splType="tuple&lt;int64 __spl_version,rstring __spl_exportType,rstring __spl_topic,list&lt;rstring> __spl_topicLevels,int64 __spl_topicLevelCount,rstring __spl_allowFilter,int64 __spl_channel,int64 __spl_maxChannels,int64 __spl_randomId,rstring __spl_class>" xmlns:xsi="http://www.w3.org/2001/XMLSchema-instance">

  <headers/>

  <attributes>
    <attribute>
      <name>__spl_version</name>
      <cppType>SPL::int64</cppType>
      <splType>int64</splType>
    </attribute>
    <attribute>
      <name>__spl_exportType</name>
      <cppType>SPL::rstring</cppType>
      <splType>rstring</splType>
    </attribute>
    <attribute>
      <name>__spl_topic</name>
      <cppType>SPL::rstring</cppType>
      <splType>rstring</splType>
    </attribute>
    <attribute>
      <name>__spl_topicLevels</name>
      <cppType>SPL::list&lt;SPL::rstring &gt;</cppType>
      <splType>list&lt;rstring&gt;</splType>
    </attribute>
    <attribute>
      <name>__spl_topicLevelCount</name>
      <cppType>SPL::int64</cppType>
      <splType>int64</splType>
    </attribute>
    <attribute>
      <name>__spl_allowFilter</name>
      <cppType>SPL::rstring</cppType>
      <splType>rstring</splType>
    </attribute>
    <attribute>
      <name>__spl_channel</name>
      <cppType>SPL::int64</cppType>
      <splType>int64</splType>
    </attribute>
    <attribute>
      <name>__spl_maxChannels</name>
      <cppType>SPL::int64</cppType>
      <splType>int64</splType>
    </attribute>
    <attribute>
      <name>__spl_randomId</name>
      <cppType>SPL::int64</cppType>
      <splType>int64</splType>
    </attribute>
    <attribute>
      <name>__spl_class</name>
      <cppType>SPL::rstring</cppType>
      <splType>rstring</splType>
    </attribute>
  </attributes>

</tupleModel>
