<?xml version="1.0" encoding="UTF-8" standalone="no" ?>
<operatorInstanceModel xmlns="http://www.ibm.com/xmlns/prod/streams/spl/operator/instance" xmlns:an="http://www.ibm.com/xmlns/prod/streams/spl/annotation" xmlns:tt="http://www.ibm.com/xmlns/prod/streams/spl/tupleType" xmlns:xsi="http://www.w3.org/2001/XMLSchema-instance">

  <context>
    <kind>spl.utility::Custom</kind>
    <class>VitalsCheck_7::HealthRules_2::ruleOut</class>
    <operatorModelDirectory>/opt/ibm/InfoSphere_Streams/4.2.0.0/toolkits/spl/spl/utility/Custom</operatorModelDirectory>
    <applicationDirectory>/home/streamsadmin/git/streamsx.health/samples/PatientsMonitoringDemo/.toolkits/com.ibm.streamsx.health.analyze.vital</applicationDirectory>
    <dataDirectory>/home/streamsadmin/git/streamsx.health/samples/PatientsMonitoringDemo/.toolkits/com.ibm.streamsx.health.analyze.vital/data</dataDirectory>
    <outputDirectory>/home/streamsadmin/git/streamsx.health/samples/PatientsMonitoringDemo/.toolkits/com.ibm.streamsx.health.analyze.vital/output/com.ibm.streamsx.health.analyze.vital.VitalRangeCheckService/BuildConfig</outputDirectory>
    <toolkits>
      <toolkit isCurrentToolkit="false">
        <name>com.ibm.streamsx.health.analyze.vital</name>
        <rootDirectory>/home/streamsadmin/git/streamsx.health/samples/PatientsMonitoringDemo/.toolkits/com.ibm.streamsx.health.analyze.vital</rootDirectory>
        <index>0</index>
      </toolkit>
      <toolkit isCurrentToolkit="true">
        <name>spl</name>
        <rootDirectory>/opt/ibm/InfoSphere_Streams/4.2.0.0/toolkits/spl</rootDirectory>
        <index>1</index>
      </toolkit>
      <toolkit isCurrentToolkit="false">
        <name>com.ibm.streams.rulescompiler</name>
        <rootDirectory>/opt/ibm/InfoSphere_Streams/4.2.0.0/toolkits/com.ibm.streams.rulescompiler</rootDirectory>
        <index>2</index>
      </toolkit>
      <toolkit isCurrentToolkit="false">
        <name>com.ibm.streamsx.health.ingest</name>
        <rootDirectory>/home/streamsadmin/git/streamsx.health/ingest/common/com.ibm.streamsx.health.ingest</rootDirectory>
        <index>3</index>
      </toolkit>
      <toolkit isCurrentToolkit="false">
        <name>com.ibm.streamsx.json</name>
        <rootDirectory>/home/streamsadmin/git/streamsx.json/com.ibm.streamsx.json</rootDirectory>
        <index>4</index>
      </toolkit>
      <toolkit isCurrentToolkit="false">
        <name>com.ibm.streamsx.topology</name>
        <rootDirectory>/opt/ibm/InfoSphere_Streams/4.2.0.0/toolkits/com.ibm.streamsx.topology</rootDirectory>
        <index>5</index>
      </toolkit>
    </toolkits>
    <optimized>true</optimized>
    <verbose>false</verbose>
    <networkByteOrdering>false</networkByteOrdering>
    <codeBeautification>false</codeBeautification>
    <includes>
      <include>"../../../function/com/ibm/streamsx/health/analyze/vital/generated/addToMessages.h"</include>
      <include>"../../../function/com/ibm/streamsx/health/analyze/vital/generated/setAlert.h"</include>
      <include>"../../../type/BeJwli0sKAjEQBa9k6wgzywE3rhQ9gHSGF23Ij85T8PYG3FVBFYUidtAnwlETnCYS2sm0sybbTHah3b9_1icsL6rwpMdDXD3x8yeeM3gd1n4pm_0Oy15nOJ1abeLvsoQuQ2Yr4diz2uSkPhDxYpC6L.h"</include>
      <include>"../../../type/BeJwli8EKAjEMBX_1J6Aq7xwUvnhT9AEmXVw20TUmi4N9b8DYDM0FBJAd_0Ih25wEKIUj8Je2iRTWiX_0v37l7y8wBY3Dgy09QMbX7G5wn2Q29S4wmZTreeWVSbvl30mCtQ_04ngbFn1cOQQtfhZfC6R.h"</include>
      <include>"../../../type/BeJwli8EKwjAQBX_1JtRXqUfDiSdAv2MhLXUia8HYV_0vcGvM3ATIjYpCvSSQsYJpL61dSjFXuZHFJ_17n_1J5zeU8dDAQF6_04PgKlwr3Qc550woubK3ettxs9n4_1ZpFA7SOOD_1EDDpMqAQ.h"</include>
      <include>"../../../type/BeJyrNIo3NArPzEvJL_1dNLMpOLTI0dMvMS8yBcACkegr2.h"</include>
    </includes>
    <stateVariables>
      <stateVariable>
        <name>state$ovar</name>
        <cppType>SPL::BeJwli8EKAjEMBX_1J6Aq7xwUvnhT9AEmXVw20TUmi4N9b8DYDM0FBJAd_0Ih25wEKIUj8Je2iRTWiX_0v37l7y8wBY3Dgy09QMbX7G5wn2Q29S4wmZTreeWVSbvl30mCtQ_04ngbFn1cOQQtfhZfC6R</cppType>
        <splType>tuple&lt;tuple&lt;int32 age,boolean alert,int32 bpDiastolic,int32 bpSystolic,float32 heartRate,float32 hrAverage,list&lt;ustring&gt; messages,ustring name,ustring roomInfo,int32 spO2,float32 temperature&gt; o_Patient&gt;</splType>
        <sourceLocation>
          <file>com.ibm.streamsx.health.analyze.vital.generated/HealthRules.spl</file>
          <line>15</line>
          <column>38</column>
        </sourceLocation>
      </stateVariable>
    </stateVariables>
    <runtimeConstants>
      <runtimeConstant>
        <name>lit$0</name>
        <cppType>SPL::float32</cppType>
        <splType>float32</splType>
        <value>20</value>
      </runtimeConstant>
      <runtimeConstant>
        <name>lit$1</name>
        <cppType>SPL::ustring</cppType>
        <splType>ustring</splType>
        <value>"HR:Patient needs ambulance"</value>
      </runtimeConstant>
      <runtimeConstant>
        <name>lit$2</name>
        <cppType>SPL::int32</cppType>
        <splType>int32</splType>
        <value>120</value>
      </runtimeConstant>
      <runtimeConstant>
        <name>lit$3</name>
        <cppType>SPL::int32</cppType>
        <splType>int32</splType>
        <value>80</value>
      </runtimeConstant>
      <runtimeConstant>
        <name>lit$4</name>
        <cppType>SPL::ustring</cppType>
        <splType>ustring</splType>
        <value>"ABPsys,ABPdias:Patient has high blood pressure"</value>
      </runtimeConstant>
      <runtimeConstant>
        <name>lit$5</name>
        <cppType>SPL::float32</cppType>
        <splType>float32</splType>
        <value>100</value>
      </runtimeConstant>
      <runtimeConstant>
        <name>lit$6</name>
        <cppType>SPL::ustring</cppType>
        <splType>ustring</splType>
        <value>"Temperature:Patient has a high fever"</value>
      </runtimeConstant>
      <runtimeConstant>
        <name>lit$7</name>
        <cppType>SPL::int32</cppType>
        <splType>int32</splType>
        <value>80</value>
      </runtimeConstant>
      <runtimeConstant>
        <name>lit$8</name>
        <cppType>SPL::int32</cppType>
        <splType>int32</splType>
        <value>50</value>
      </runtimeConstant>
      <runtimeConstant>
        <name>lit$9</name>
        <cppType>SPL::ustring</cppType>
        <splType>ustring</splType>
        <value>"ABPsys,ABPdias:Patient has low blood pressure"</value>
      </runtimeConstant>
      <runtimeConstant>
        <name>lit$10</name>
        <cppType>SPL::int32</cppType>
        <splType>int32</splType>
        <value>90</value>
      </runtimeConstant>
      <runtimeConstant>
        <name>lit$11</name>
        <cppType>SPL::ustring</cppType>
        <splType>ustring</splType>
        <value>"SpO2:spO2 should be greater than 90%"</value>
      </runtimeConstant>
      <runtimeConstant>
        <name>lit$12</name>
        <cppType>SPL::float32</cppType>
        <splType>float32</splType>
        <value>100</value>
      </runtimeConstant>
      <runtimeConstant>
        <name>lit$13</name>
        <cppType>SPL::float32</cppType>
        <splType>float32</splType>
        <value>60</value>
      </runtimeConstant>
      <runtimeConstant>
        <name>lit$14</name>
        <cppType>SPL::ustring</cppType>
        <splType>ustring</splType>
        <value>"HR:Heart rate must be between 60 and 100!"</value>
      </runtimeConstant>
      <runtimeConstant>
        <name>lit$15</name>
        <cppType>SPL::float32</cppType>
        <splType>float32</splType>
        <value>100</value>
      </runtimeConstant>
      <runtimeConstant>
        <name>lit$16</name>
        <cppType>SPL::float32</cppType>
        <splType>float32</splType>
        <value>97</value>
      </runtimeConstant>
      <runtimeConstant>
        <name>lit$17</name>
        <cppType>SPL::ustring</cppType>
        <splType>ustring</splType>
        <value>"Temperature:Patient body temperature is out of range"</value>
      </runtimeConstant>
      <runtimeConstant>
        <name>lit$18</name>
        <cppType>SPL::uint32</cppType>
        <splType>uint32</splType>
        <value>0</value>
      </runtimeConstant>
      <runtimeConstant>
        <name>lit$19</name>
        <cppType>SPL::uint32</cppType>
        <splType>uint32</splType>
        <value>0</value>
      </runtimeConstant>
    </runtimeConstants>
    <sourceLocation>
      <file>com.ibm.streamsx.health.analyze.vital.generated/HealthRules.spl</file>
      <line>13</line>
      <column>3</column>
    </sourceLocation>
    <productVersion>4.2.0.0</productVersion>
    <checkpointKind>none</checkpointKind>
  </context>

  <parameters/>

  <inputPorts>
    <inputPort>
      <index>0</index>
      <tupleCppName>iport$0</tupleCppName>
      <tupleCppType>SPL::BeJwli0sKAjEQBa9k6wgzywE3rhQ9gHSGF23Ij85T8PYG3FVBFYUidtAnwlETnCYS2sm0sybbTHah3b9_1icsL6rwpMdDXD3x8yeeM3gd1n4pm_0Oy15nOJ1abeLvsoQuQ2Yr4diz2uSkPhDxYpC6L</tupleCppType>
      <tupleSPLType>tuple&lt;tuple&lt;int32 age,boolean alert,int32 bpDiastolic,int32 bpSystolic,float32 heartRate,float32 hrAverage,list&lt;ustring&gt; messages,ustring name,ustring roomInfo,int32 spO2,float32 temperature&gt; i_Patient&gt;</tupleSPLType>
      <facade>false</facade>
      <mutationAllowed>true</mutationAllowed>
      <sourceLocation>
        <file>com.ibm.streamsx.health.analyze.vital.generated/HealthRules.spl</file>
        <line>13</line>
        <column>53</column>
      </sourceLocation>
      <tupleLogic>{
    state$ovar.get_o_Patient() = iport$0.get_i_Patient();
    if ((state$ovar.get_o_Patient().get_heartRate() &lt; lit$0)) 
        {
            ::com::ibm::streamsx::health::analyze::vital::generated::setAlert(state$ovar.get_o_Patient());
            ::com::ibm::streamsx::health::analyze::vital::generated::addToMessages(state$ovar.get_o_Patient(), lit$1);
        }
    if (((state$ovar.get_o_Patient().get_bpDiastolic() &gt; lit$3) || (state$ovar.get_o_Patient().get_bpSystolic() &gt; lit$2))) 
        {
            ::com::ibm::streamsx::health::analyze::vital::generated::addToMessages(state$ovar.get_o_Patient(), lit$4);
            ::com::ibm::streamsx::health::analyze::vital::generated::setAlert(state$ovar.get_o_Patient());
        }
    if ((state$ovar.get_o_Patient().get_temperature() &gt; lit$5)) 
        {
            ::com::ibm::streamsx::health::analyze::vital::generated::addToMessages(state$ovar.get_o_Patient(), lit$6);
            ::com::ibm::streamsx::health::analyze::vital::generated::setAlert(state$ovar.get_o_Patient());
        }
    if (((state$ovar.get_o_Patient().get_bpDiastolic() &lt; lit$8) || (state$ovar.get_o_Patient().get_bpSystolic() &lt; lit$7))) 
        {
            ::com::ibm::streamsx::health::analyze::vital::generated::addToMessages(state$ovar.get_o_Patient(), lit$9);
            ::com::ibm::streamsx::health::analyze::vital::generated::setAlert(state$ovar.get_o_Patient());
        }
    if ((state$ovar.get_o_Patient().get_spO2() &lt; lit$10)) 
        {
            ::com::ibm::streamsx::health::analyze::vital::generated::addToMessages(state$ovar.get_o_Patient(), lit$11);
            ::com::ibm::streamsx::health::analyze::vital::generated::setAlert(state$ovar.get_o_Patient());
        }
    if (((state$ovar.get_o_Patient().get_heartRate() &lt; lit$13) || (state$ovar.get_o_Patient().get_heartRate() &gt; lit$12))) 
        {
            ::com::ibm::streamsx::health::analyze::vital::generated::addToMessages(state$ovar.get_o_Patient(), lit$14);
            ::com::ibm::streamsx::health::analyze::vital::generated::setAlert(state$ovar.get_o_Patient());
        }
    if (((state$ovar.get_o_Patient().get_temperature() &lt; lit$16) || (state$ovar.get_o_Patient().get_temperature() &gt;= lit$15))) 
        {
            ::com::ibm::streamsx::health::analyze::vital::generated::addToMessages(state$ovar.get_o_Patient(), lit$17);
            ::com::ibm::streamsx::health::analyze::vital::generated::setAlert(state$ovar.get_o_Patient());
        }
    do { SPL::BeJwli8EKAjEMBX_1J6Aq7xwUvnhT9AEmXVw20TUmi4N9b8DYDM0FBJAd_0Ih25wEKIUj8Je2iRTWiX_0v37l7y8wBY3Dgy09QMbX7G5wn2Q29S4wmZTreeWVSbvl30mCtQ_04ngbFn1cOQQtfhZfC6R temp = SPL::BeJwli8EKAjEMBX_1J6Aq7xwUvnhT9AEmXVw20TUmi4N9b8DYDM0FBJAd_0Ih25wEKIUj8Je2iRTWiX_0v37l7y8wBY3Dgy09QMbX7G5wn2Q29S4wmZTreeWVSbvl30mCtQ_04ngbFn1cOQQtfhZfC6R(state$ovar.get_o_Patient()); submit (temp, lit$18); } while(0);
}
</tupleLogic>
      <punctLogic>{
    if ((SPL::BeJyrNIo3NArPzEvJL_1dNLMpOLTI0dMvMS8yBcACkegr2(punct-1) == SPL::BeJyrNIo3NArPzEvJL_1dNLMpOLTI0dMvMS8yBcACkegr2::WindowMarker)) 
        {
            submit (static_cast&lt;SPL::Punctuation::Value&gt;(SPL::BeJyrNIo3NArPzEvJL_1dNLMpOLTI0dMvMS8yBcACkegr2::WindowMarker.getIndex()+1), lit$19);
        }
}
</punctLogic>
      <attributes>
        <attribute>
          <name>i_Patient</name>
          <cppType>SPL::BeJwli8EKwjAQBX_1JtRXqUfDiSdAv2MhLXUia8HYV_0vcGvM3ATIjYpCvSSQsYJpL61dSjFXuZHFJ_17n_1J5zeU8dDAQF6_04PgKlwr3Qc550woubK3ettxs9n4_1ZpFA7SOOD_1EDDpMqAQ</cppType>
          <splType>tuple&lt;int32 age,boolean alert,int32 bpDiastolic,int32 bpSystolic,float32 heartRate,float32 hrAverage,list&lt;ustring&gt; messages,ustring name,ustring roomInfo,int32 spO2,float32 temperature&gt;</splType>
        </attribute>
      </attributes>
      <tuple>
        <tt:attr name="i_Patient">
          <tt:tuple>
            <tt:attr name="age" type="int32"/>
            <tt:attr name="alert" type="boolean"/>
            <tt:attr name="bpDiastolic" type="int32"/>
            <tt:attr name="bpSystolic" type="int32"/>
            <tt:attr name="heartRate" type="float32"/>
            <tt:attr name="hrAverage" type="float32"/>
            <tt:attr name="messages">
              <tt:list elementType="ustring"/>
            </tt:attr>
            <tt:attr name="name" type="ustring"/>
            <tt:attr name="roomInfo" type="ustring"/>
            <tt:attr name="spO2" type="int32"/>
            <tt:attr name="temperature" type="float32"/>
          </tt:tuple>
        </tt:attr>
      </tuple>
    </inputPort>
  </inputPorts>

  <outputPorts>
    <outputPort>
      <index>0</index>
      <tupleCppName>oport$0</tupleCppName>
      <tupleCppType>SPL::BeJwli8EKAjEMBX_1J6Aq7xwUvnhT9AEmXVw20TUmi4N9b8DYDM0FBJAd_0Ih25wEKIUj8Je2iRTWiX_0v37l7y8wBY3Dgy09QMbX7G5wn2Q29S4wmZTreeWVSbvl30mCtQ_04ngbFn1cOQQtfhZfC6R</tupleCppType>
      <tupleSPLType>tuple&lt;tuple&lt;int32 age,boolean alert,int32 bpDiastolic,int32 bpSystolic,float32 heartRate,float32 hrAverage,list&lt;ustring&gt; messages,ustring name,ustring roomInfo,int32 spO2,float32 temperature&gt; o_Patient&gt;</tupleSPLType>
      <facade>false</facade>
      <mutationAllowed>true</mutationAllowed>
      <sourceLocation>
        <file>com.ibm.streamsx.health.analyze.vital.generated/HealthRules.spl</file>
        <line>13</line>
        <column>3</column>
      </sourceLocation>
      <attributes>
        <attribute>
          <name>o_Patient</name>
          <cppType>SPL::BeJwli8EKwjAQBX_1JtRXqUfDiSdAv2MhLXUia8HYV_0vcGvM3ATIjYpCvSSQsYJpL61dSjFXuZHFJ_17n_1J5zeU8dDAQF6_04PgKlwr3Qc550woubK3ettxs9n4_1ZpFA7SOOD_1EDDpMqAQ</cppType>
          <splType>tuple&lt;int32 age,boolean alert,int32 bpDiastolic,int32 bpSystolic,float32 heartRate,float32 hrAverage,list&lt;ustring&gt; messages,ustring name,ustring roomInfo,int32 spO2,float32 temperature&gt;</splType>
        </attribute>
      </attributes>
      <tuple>
        <tt:attr name="o_Patient">
          <tt:tuple>
            <tt:attr name="age" type="int32"/>
            <tt:attr name="alert" type="boolean"/>
            <tt:attr name="bpDiastolic" type="int32"/>
            <tt:attr name="bpSystolic" type="int32"/>
            <tt:attr name="heartRate" type="float32"/>
            <tt:attr name="hrAverage" type="float32"/>
            <tt:attr name="messages">
              <tt:list elementType="ustring"/>
            </tt:attr>
            <tt:attr name="name" type="ustring"/>
            <tt:attr name="roomInfo" type="ustring"/>
            <tt:attr name="spO2" type="int32"/>
            <tt:attr name="temperature" type="float32"/>
          </tt:tuple>
        </tt:attr>
      </tuple>
      <finalPunctuationPortScope>
        <port>0</port>
      </finalPunctuationPortScope>
    </outputPort>
  </outputPorts>

</operatorInstanceModel>
