<?xml version="1.0" encoding="UTF-8"?><operatorModel xmlns="http://www.ibm.com/xmlns/prod/streams/spl/operator" xmlns:cmn="http://www.ibm.com/xmlns/prod/streams/spl/common" xmlns:xsi="http://www.w3.org/2001/XMLSchema-instance" xsi:schemaLocation="http://www.ibm.com/xmlns/prod/streams/spl/operator operatorModel.xsd">
  <!--DO NOT EDIT THIS FILE - it is machine generated-->
  <javaOperatorModel>
    <!--Generated from com.ibm.streamsx.inet.rest.ops.XMLView in impl/lib/com.ibm.streamsx.inet.jar at Thu Jan 05 07:30:13 EST 2017-->
    <context>
      <description>REST API to view tuples from input ports.
Embeds a Jetty web server to provide HTTP or HTTPS REST access to the first XML attribute of the last tuple received by the input port.
The URLs defined by this operator are:
* *prefix*`/ports/input/`*port index*`/attribute` - Returns the value of the XML attribute (content type `application/xml`).
* *prefix*`/ports/input/`*port index*`/info` - Output port meta-data including all the stream attribute names and types (content type `application/json`).

The *prefix* for the URLs is:
* *context path*`/`*base operator name* - When the `context` parameter is set.
* *full operator name* - When the `context` parameter is **not** set.

The input port schema must contain an XML attribute whose value will be made available through the `/tuple` URL.

**Limitations**:
* By default no security access is provided to the data, HTTPS must be explicitly configured.
</description>
      <iconUri size="16">HTTPXMLView_16.gif</iconUri>
      <iconUri size="32">HTTPXMLView_32.gif</iconUri>
      <metrics>
        <metric>
          <name>https</name>
          <description>Jetty SSL/TLS status: 0=HTTP, 1=HTTPS</description>
          <kind>Gauge</kind>
        </metric>
        <metric>
          <name>serverPort</name>
          <description>Jetty (HTTP/HTTPS) server port</description>
          <kind>Gauge</kind>
        </metric>
      </metrics>
      <executionSettings>
        <className>com.ibm.streamsx.inet.rest.ops.XMLView</className>
      </executionSettings>
      <libraryDependencies>
        <library>
          <cmn:description>Operator class library</cmn:description>
          <cmn:managedLibrary>
            <cmn:libPath>../../impl/lib/com.ibm.streamsx.inet.jar</cmn:libPath>
          </cmn:managedLibrary>
        </library>
      </libraryDependencies>
    </context>
    <parameters>
      <parameter>
        <name>certificateAlias</name>
        <description>Alias of the certificate to use in the key store. When this parameter is set all connections use HTTPS.</description>
        <optional>true</optional>
        <type>rstring</type>
        <cardinality>1</cardinality>
      </parameter>
      <parameter>
        <name>context</name>
        <description>Define a URL context path that maps to the resources defined by`contextResourceBase`. This allows a composite that invokes this operator in a toolkit to provide resources regardless of the value of the application's data directory. For example setting it to *maps* would result in the URL */maps/index.html* mapping to the file *index.html* in the directory defined by `contextResourceBase`. Requires the parameter `contextResourceBase` to be set. If when the operator is initialized the context already exists then no action is taken. This allows multiple independent composites in the same toolkit to have common `context` and `contextResourceBase` settings, typically to point to a single set of HTML and Javascript resources for the toolkit.

If the operator provides URLs for its input or output ports then they are placed in the this context when this parameter is set. This then provides fixed locations for the URLs regardless of the depth of the operator invocation in the main composite.

Only a single context per invocation is supported.</description>
        <optional>true</optional>
        <type>rstring</type>
        <cardinality>1</cardinality>
      </parameter>
      <parameter>
        <name>contextResourceBase</name>
        <description>Directory location of resources that will be available through the the URL context defined by the parameter `context`. Typically used to allow a toolkit to provide a set of resources in a fixed location. The set of resources is recommended to be stored in the application_dir/opt directory, which is automatically included in the bundle by default. Path of this directory can be absolute or relative, if relative path is specified then it is relative to the application directory. A set of default resources is included in the toolkit directory under ToolkitDir/opt/resources and will be loaded by the operator. This default resources can be viewed at `http://hostname:8080/streamsx.inet.resources`. A path within the application is obtained using the SPL function `getThisToolkitDir()`. Thus a composite in the file *maps.spl* in the namespace directory `com.acme.streams.apps.map` might have the following setting to map `http://127.0.0.1:8080/maps` to `opt/resources/mapinfo` in the application.

    param
      context: “maps”
      contextResourceBase: getThisToolkitDir() + “/opt/resources/mapinfo”
</description>
        <optional>true</optional>
        <type>rstring</type>
        <cardinality>1</cardinality>
      </parameter>
      <parameter>
        <name>keyPassword</name>
        <description>Password to the certificate. If not provided, defaults to the value of `keyStorePassword`.</description>
        <optional>true</optional>
        <type>rstring</type>
        <cardinality>1</cardinality>
      </parameter>
      <parameter>
        <name>keyStore</name>
        <description>URL to the key store containing the certificate. If a relative file path then it is taken as relative to the application directory.</description>
        <optional>true</optional>
        <type>rstring</type>
        <cardinality>1</cardinality>
      </parameter>
      <parameter>
        <name>keyStorePassword</name>
        <description>Password to the key store.</description>
        <optional>true</optional>
        <type>rstring</type>
        <cardinality>1</cardinality>
      </parameter>
      <parameter>
        <name>port</name>
        <description>Port number for the embedded Jetty HTTP server. Defaults to 8080.</description>
        <optional>true</optional>
        <type>int32</type>
        <cardinality>1</cardinality>
      </parameter>
      <parameter>
        <name>trustStore</name>
        <description>URL to the trust store containing client certificates. If a relative file path then it is taken as relative to the application directory. When this parameter is set, client authentication is required.</description>
        <optional>true</optional>
        <type>rstring</type>
        <cardinality>1</cardinality>
      </parameter>
      <parameter>
        <name>trustStorePassword</name>
        <description>Password to the trust store.</description>
        <optional>true</optional>
        <type>rstring</type>
        <cardinality>1</cardinality>
      </parameter>
    </parameters>
    <inputPorts>
      <inputPortSet>
        <description>Input port whose first XML attribute will be available using a HTTP GET request with a URL using port index 0.</description>
        <windowingDescription/>
        <windowingMode>NonWindowed</windowingMode>
        <windowPunctuationInputMode>Oblivious</windowPunctuationInputMode>
        <controlPort>false</controlPort>
        <cardinality>1</cardinality>
        <optional>false</optional>
      </inputPortSet>
    </inputPorts>
    <outputPorts/>
  </javaOperatorModel>
</operatorModel>