<?xml version="1.0" encoding="UTF-8" standalone="no" ?>
<operatorInstanceModel xmlns="http://www.ibm.com/xmlns/prod/streams/spl/operator/instance" xmlns:an="http://www.ibm.com/xmlns/prod/streams/spl/annotation" xmlns:tt="http://www.ibm.com/xmlns/prod/streams/spl/tupleType" xmlns:xsi="http://www.w3.org/2001/XMLSchema-instance">

  <context>
    <kind>spl.relational::Filter</kind>
    <class>VitalsRangeCheckPublish_5::Publish_4::PublishTopic::TopicProperties</class>
    <operatorModelDirectory>/opt/ibm/InfoSphere_Streams/4.2.0.0/toolkits/spl/spl/relational/Filter</operatorModelDirectory>
    <applicationDirectory>/home/streamsadmin/git/streamsx.health/samples/PatientsMonitoringDemo/.toolkits/com.ibm.streamsx.health.analyze.vital</applicationDirectory>
    <dataDirectory>/home/streamsadmin/git/streamsx.health/samples/PatientsMonitoringDemo/.toolkits/com.ibm.streamsx.health.analyze.vital/data</dataDirectory>
    <outputDirectory>/home/streamsadmin/git/streamsx.health/samples/PatientsMonitoringDemo/.toolkits/com.ibm.streamsx.health.analyze.vital/output/com.ibm.streamsx.health.analyze.vital.VitalRangeCheckService/BuildConfig</outputDirectory>
    <toolkits>
      <toolkit isCurrentToolkit="false">
        <name>com.ibm.streamsx.health.analyze.vital</name>
        <rootDirectory>/home/streamsadmin/git/streamsx.health/samples/PatientsMonitoringDemo/.toolkits/com.ibm.streamsx.health.analyze.vital</rootDirectory>
        <index>0</index>
      </toolkit>
      <toolkit isCurrentToolkit="true">
        <name>spl</name>
        <rootDirectory>/opt/ibm/InfoSphere_Streams/4.2.0.0/toolkits/spl</rootDirectory>
        <index>1</index>
      </toolkit>
      <toolkit isCurrentToolkit="false">
        <name>com.ibm.streams.rulescompiler</name>
        <rootDirectory>/opt/ibm/InfoSphere_Streams/4.2.0.0/toolkits/com.ibm.streams.rulescompiler</rootDirectory>
        <index>2</index>
      </toolkit>
      <toolkit isCurrentToolkit="false">
        <name>com.ibm.streamsx.health.ingest</name>
        <rootDirectory>/home/streamsadmin/git/streamsx.health/ingest/common/com.ibm.streamsx.health.ingest</rootDirectory>
        <index>3</index>
      </toolkit>
      <toolkit isCurrentToolkit="false">
        <name>com.ibm.streamsx.json</name>
        <rootDirectory>/home/streamsadmin/git/streamsx.json/com.ibm.streamsx.json</rootDirectory>
        <index>4</index>
      </toolkit>
      <toolkit isCurrentToolkit="false">
        <name>com.ibm.streamsx.topology</name>
        <rootDirectory>/opt/ibm/InfoSphere_Streams/4.2.0.0/toolkits/com.ibm.streamsx.topology</rootDirectory>
        <index>5</index>
      </toolkit>
    </toolkits>
    <optimized>true</optimized>
    <verbose>false</verbose>
    <networkByteOrdering>false</networkByteOrdering>
    <codeBeautification>false</codeBeautification>
    <includes>
      <include>"../../../../function/com/ibm/streamsx/health/analyze/vital/connectors/TOPIC_VITALSRANGECHECK.h"</include>
      <include>"../../../../function/com/ibm/streamsx/topology/topic/setTopicNameProperties.h"</include>
      <include>"../../../../type/BeJwrMSw2NMgqzs8LLinKzEsHACrhAWr.h"</include>
    </includes>
    <stateVariables>
      <stateVariable>
        <name>state$rc</name>
        <cppType>SPL::int32</cppType>
        <splType>int32</splType>
        <value>
          <cppType>SPL::int32</cppType>
          <splType>int32</splType>
          <hasRuntimeConstant>true</hasRuntimeConstant>
          <cppExpression>::com::ibm::streamsx::topology::topic::setTopicNameProperties(lit$0, ::com::ibm::streamsx::health::analyze::vital::connectors::TOPIC_VITALSRANGECHECK(), (SPL::boolean)lit$1, lit$2)</cppExpression>
          <splExpression>setTopicNameProperties("topic", TOPIC_VITALSRANGECHECK(), false, "")</splExpression>
          <hasFunctions>true</hasFunctions>
          <hasSideEffects>true</hasSideEffects>
          <readsState>false</readsState>
          <hasStreamAttributes>false</hasStreamAttributes>
          <sourceLocation>
            <file>/opt/ibm/InfoSphere_Streams/4.2.0.0/toolkits/com.ibm.streamsx.topology/com.ibm.streamsx.topology.topic/topics.spl</file>
            <line>61</line>
            <column>44</column>
          </sourceLocation>
        </value>
        <sourceLocation>
          <file>/opt/ibm/InfoSphere_Streams/4.2.0.0/toolkits/com.ibm.streamsx.topology/com.ibm.streamsx.topology.topic/topics.spl</file>
          <line>61</line>
          <column>39</column>
        </sourceLocation>
      </stateVariable>
    </stateVariables>
    <runtimeConstants>
      <runtimeConstant>
        <name>lit$0</name>
        <cppType>SPL::rstring</cppType>
        <splType>rstring</splType>
        <value>"topic"</value>
      </runtimeConstant>
      <runtimeConstant>
        <name>lit$1</name>
        <cppType>SPL::boolean</cppType>
        <splType>boolean</splType>
        <value>false</value>
      </runtimeConstant>
      <runtimeConstant>
        <name>lit$2</name>
        <cppType>SPL::rstring</cppType>
        <splType>rstring</splType>
        <value>""</value>
      </runtimeConstant>
    </runtimeConstants>
    <sourceLocation>
      <file>/opt/ibm/InfoSphere_Streams/4.2.0.0/toolkits/com.ibm.streamsx.topology/com.ibm.streamsx.topology.topic/topics.spl</file>
      <line>60</line>
      <column>17</column>
    </sourceLocation>
    <productVersion>4.2.0.0</productVersion>
    <checkpointKind>none</checkpointKind>
  </context>

  <parameters/>

  <inputPorts>
    <inputPort>
      <index>0</index>
      <tupleCppName>iport$0</tupleCppName>
      <tupleCppType>SPL::BeJwrMSw2NMgqzs8LLinKzEsHACrhAWr</tupleCppType>
      <tupleSPLType>tuple&lt;rstring jsonString&gt;</tupleSPLType>
      <facade>false</facade>
      <mutationAllowed>false</mutationAllowed>
      <sourceLocation>
        <file>/opt/ibm/InfoSphere_Streams/4.2.0.0/toolkits/com.ibm.streamsx.topology/com.ibm.streamsx.topology.topic/topics.spl</file>
        <line>60</line>
        <column>53</column>
      </sourceLocation>
      <attributes>
        <attribute>
          <name>jsonString</name>
          <cppType>SPL::rstring</cppType>
          <splType>rstring</splType>
        </attribute>
      </attributes>
      <tuple>
        <tt:attr name="jsonString" type="rstring"/>
      </tuple>
    </inputPort>
  </inputPorts>

  <outputPorts>
    <outputPort>
      <index>0</index>
      <tupleCppName>oport$0</tupleCppName>
      <tupleCppType>SPL::BeJwrMSw2NMgqzs8LLinKzEsHACrhAWr</tupleCppType>
      <tupleSPLType>tuple&lt;rstring jsonString&gt;</tupleSPLType>
      <facade>false</facade>
      <mutationAllowed>false</mutationAllowed>
      <sourceLocation>
        <file>/opt/ibm/InfoSphere_Streams/4.2.0.0/toolkits/com.ibm.streamsx.topology/com.ibm.streamsx.topology.topic/topics.spl</file>
        <line>60</line>
        <column>17</column>
      </sourceLocation>
      <attributes>
        <attribute>
          <name>jsonString</name>
          <cppType>SPL::rstring</cppType>
          <splType>rstring</splType>
          <assignment>
            <sourceLocation>
              <file>&lt;invalid&gt;</file>
              <line>-1</line>
              <column>0</column>
            </sourceLocation>
            <values>
              <value>
                <cppType>SPL::rstring</cppType>
                <splType>rstring</splType>
                <hasRuntimeConstant>false</hasRuntimeConstant>
                <cppExpression>iport$0.get_jsonString()</cppExpression>
                <splExpression>VitalsRangeCheckPublish_5.TupleToJSON_6_out0.jsonString</splExpression>
                <hasFunctions>false</hasFunctions>
                <hasSideEffects>false</hasSideEffects>
                <readsState>false</readsState>
                <hasStreamAttributes>true</hasStreamAttributes>
                <sourceLocation>
                  <file>&lt;invalid&gt;</file>
                  <line>-1</line>
                  <column>0</column>
                </sourceLocation>
              </value>
            </values>
          </assignment>
        </attribute>
      </attributes>
      <tuple>
        <tt:attr name="jsonString" type="rstring"/>
      </tuple>
      <finalPunctuationPortScope>
        <port>0</port>
      </finalPunctuationPortScope>
    </outputPort>
  </outputPorts>

</operatorInstanceModel>
