<?xml version="1.0" encoding="UTF-8" standalone="no" ?>
<operatorInstanceModel xmlns="http://www.ibm.com/xmlns/prod/streams/spl/operator/instance" xmlns:an="http://www.ibm.com/xmlns/prod/streams/spl/annotation" xmlns:tt="http://www.ibm.com/xmlns/prod/streams/spl/tupleType" xmlns:xsi="http://www.w3.org/2001/XMLSchema-instance">

  <context>
    <kind>spl.utility::Custom</kind>
    <class>Custom_2</class>
    <operatorModelDirectory>/opt/ibm/InfoSphere_Streams/4.2.0.0/toolkits/spl/spl/utility/Custom</operatorModelDirectory>
    <applicationDirectory>/home/streamsadmin/git/streamsx.health/samples/PatientsMonitoringDemo/.toolkits/com.ibm.streamsx.health.analyze.vital</applicationDirectory>
    <dataDirectory>/home/streamsadmin/git/streamsx.health/samples/PatientsMonitoringDemo/.toolkits/com.ibm.streamsx.health.analyze.vital/data</dataDirectory>
    <outputDirectory>/home/streamsadmin/git/streamsx.health/samples/PatientsMonitoringDemo/.toolkits/com.ibm.streamsx.health.analyze.vital/output/com.ibm.streamsx.health.analyze.vital.Main/BuildConfig</outputDirectory>
    <toolkits>
      <toolkit isCurrentToolkit="false">
        <name>com.ibm.streamsx.health.analyze.vital</name>
        <rootDirectory>/home/streamsadmin/git/streamsx.health/samples/PatientsMonitoringDemo/.toolkits/com.ibm.streamsx.health.analyze.vital</rootDirectory>
        <index>0</index>
      </toolkit>
      <toolkit isCurrentToolkit="true">
        <name>spl</name>
        <rootDirectory>/opt/ibm/InfoSphere_Streams/4.2.0.0/toolkits/spl</rootDirectory>
        <index>1</index>
      </toolkit>
      <toolkit isCurrentToolkit="false">
        <name>com.ibm.streams.rulescompiler</name>
        <rootDirectory>/opt/ibm/InfoSphere_Streams/4.2.0.0/toolkits/com.ibm.streams.rulescompiler</rootDirectory>
        <index>2</index>
      </toolkit>
      <toolkit isCurrentToolkit="false">
        <name>com.ibm.streamsx.health.ingest</name>
        <rootDirectory>/home/streamsadmin/git/streamsx.health/ingest/common/com.ibm.streamsx.health.ingest</rootDirectory>
        <index>3</index>
      </toolkit>
      <toolkit isCurrentToolkit="false">
        <name>com.ibm.streamsx.json</name>
        <rootDirectory>/home/streamsadmin/git/streamsx.json/com.ibm.streamsx.json</rootDirectory>
        <index>4</index>
      </toolkit>
      <toolkit isCurrentToolkit="false">
        <name>com.ibm.streamsx.topology</name>
        <rootDirectory>/opt/ibm/InfoSphere_Streams/4.2.0.0/toolkits/com.ibm.streamsx.topology</rootDirectory>
        <index>5</index>
      </toolkit>
    </toolkits>
    <optimized>true</optimized>
    <verbose>false</verbose>
    <networkByteOrdering>false</networkByteOrdering>
    <codeBeautification>false</codeBeautification>
    <includes>
      <include>"../type/BeJwrMS42ykwpNjQozi8tSk4NqSxILbZISS3LTE71TAEAoHUKDp.h"</include>
      <include>"../type/BeJwrMSo2K64sLknNLTZJzk9JBQA0TgY3.h"</include>
      <include>"../type/BeJwrMSo2ykwpNjTIyU9OLMnMz_1NMAQBDZwbz.h"</include>
      <include>"../type/BeJwrMfE0KikuMSo2K64sLknNLTZJzk9JNTQsSk1MycxLD6ksSHUzLUvMKU0tNi7NzwUAoG8RCu.h"</include>
      <include>"../type/BeJwtjFsOgzAMBK_1UPID2ApXyTS8QxRaKBDFiHSRuD4X8zs6serWwmWBes6SoWUqgnnjPifFZL8BFA6lrEqRuiX_1Hyng_1ViDjNo6UyzTeo_1pgFddtjwPKC3wSYmOa9G_0_13R7nynBVlqHxE_1atDPk.h"</include>
    </includes>
    <stateVariables/>
    <runtimeConstants/>
    <sourceLocation>
      <file>com.ibm.streamsx.health.analyze.vital/Main.spl</file>
      <line>18</line>
      <column>3</column>
    </sourceLocation>
    <productVersion>4.2.0.0</productVersion>
    <checkpointKind>none</checkpointKind>
  </context>

  <parameters/>

  <inputPorts>
    <inputPort isControlPort="true">
      <index>0</index>
      <tupleCppName>iport$0</tupleCppName>
      <tupleCppType>SPL::BeJwtjFsOgzAMBK_1UPID2ApXyTS8QxRaKBDFiHSRuD4X8zs6serWwmWBes6SoWUqgnnjPifFZL8BFA6lrEqRuiX_1Hyng_1ViDjNo6UyzTeo_1pgFddtjwPKC3wSYmOa9G_0_13R7nynBVlqHxE_1atDPk</tupleCppType>
      <tupleSPLType>tuple&lt;tuple&lt;rstring id,rstring locationId&gt; device,rstring patientId,tuple&lt;rstring id,rstring sourceType,rstring deviceId&gt; readingSource,tuple&lt;int64 ts,tuple&lt;rstring system,rstring code&gt; readingType,float64 value,rstring uom&gt; reading&gt;</tupleSPLType>
      <facade>false</facade>
      <mutationAllowed>false</mutationAllowed>
      <sourceLocation>
        <file>com.ibm.streamsx.health.analyze.vital/Main.spl</file>
        <line>18</line>
        <column>27</column>
      </sourceLocation>
      <tupleLogic>{
    ::SPL::Functions::Utility::printStringLn(::SPL::spl_cast&lt;SPL::rstring, SPL::BeJwtjFsOgzAMBK_1UPID2ApXyTS8QxRaKBDFiHSRuD4X8zs6serWwmWBes6SoWUqgnnjPifFZL8BFA6lrEqRuiX_1Hyng_1ViDjNo6UyzTeo_1pgFddtjwPKC3wSYmOa9G_0_13R7nynBVlqHxE_1atDPk &gt;::cast(iport$0));
}
</tupleLogic>
      <attributes>
        <attribute>
          <name>device</name>
          <cppType>SPL::BeJwrMSo2ykwpNjTIyU9OLMnMz_1NMAQBDZwbz</cppType>
          <splType>tuple&lt;rstring id,rstring locationId&gt;</splType>
        </attribute>
        <attribute>
          <name>patientId</name>
          <cppType>SPL::rstring</cppType>
          <splType>rstring</splType>
        </attribute>
        <attribute>
          <name>readingSource</name>
          <cppType>SPL::BeJwrMS42ykwpNjQozi8tSk4NqSxILbZISS3LTE71TAEAoHUKDp</cppType>
          <splType>tuple&lt;rstring id,rstring sourceType,rstring deviceId&gt;</splType>
        </attribute>
        <attribute>
          <name>reading</name>
          <cppType>SPL::BeJwrMfE0KikuMSo2K64sLknNLTZJzk9JNTQsSk1MycxLD6ksSHUzLUvMKU0tNi7NzwUAoG8RCu</cppType>
          <splType>tuple&lt;int64 ts,tuple&lt;rstring system,rstring code&gt; readingType,float64 value,rstring uom&gt;</splType>
        </attribute>
      </attributes>
      <tuple>
        <tt:attr name="device">
          <tt:tuple>
            <tt:attr name="id" type="rstring"/>
            <tt:attr name="locationId" type="rstring"/>
          </tt:tuple>
        </tt:attr>
        <tt:attr name="patientId" type="rstring"/>
        <tt:attr name="readingSource">
          <tt:tuple>
            <tt:attr name="id" type="rstring"/>
            <tt:attr name="sourceType" type="rstring"/>
            <tt:attr name="deviceId" type="rstring"/>
          </tt:tuple>
        </tt:attr>
        <tt:attr name="reading">
          <tt:tuple>
            <tt:attr name="ts" type="int64"/>
            <tt:attr name="readingType">
              <tt:tuple>
                <tt:attr name="system" type="rstring"/>
                <tt:attr name="code" type="rstring"/>
              </tt:tuple>
            </tt:attr>
            <tt:attr name="value" type="float64"/>
            <tt:attr name="uom" type="rstring"/>
          </tt:tuple>
        </tt:attr>
      </tuple>
    </inputPort>
  </inputPorts>

  <outputPorts/>

</operatorInstanceModel>
