<?xml version="1.0" encoding="UTF-8" standalone="no" ?>
<operatorInstanceModel xmlns="http://www.ibm.com/xmlns/prod/streams/spl/operator/instance" xmlns:an="http://www.ibm.com/xmlns/prod/streams/spl/annotation" xmlns:tt="http://www.ibm.com/xmlns/prod/streams/spl/tupleType" xmlns:xsi="http://www.w3.org/2001/XMLSchema-instance">

  <context>
    <kind>spl.relational::Filter</kind>
    <class>Filter_3</class>
    <operatorModelDirectory>/opt/ibm/InfoSphere_Streams/4.2.0.0/toolkits/spl/spl/relational/Filter</operatorModelDirectory>
    <applicationDirectory>/home/streamsadmin/git/streamsx.health/samples/PatientsMonitoringDemo/.toolkits/com.ibm.streamsx.health.analyze.vital</applicationDirectory>
    <dataDirectory>/home/streamsadmin/git/streamsx.health/samples/PatientsMonitoringDemo/.toolkits/com.ibm.streamsx.health.analyze.vital/data</dataDirectory>
    <outputDirectory>/home/streamsadmin/git/streamsx.health/samples/PatientsMonitoringDemo/.toolkits/com.ibm.streamsx.health.analyze.vital/output/com.ibm.streamsx.health.analyze.vital.Main/BuildConfig</outputDirectory>
    <toolkits>
      <toolkit isCurrentToolkit="false">
        <name>com.ibm.streamsx.health.analyze.vital</name>
        <rootDirectory>/home/streamsadmin/git/streamsx.health/samples/PatientsMonitoringDemo/.toolkits/com.ibm.streamsx.health.analyze.vital</rootDirectory>
        <index>0</index>
      </toolkit>
      <toolkit isCurrentToolkit="true">
        <name>spl</name>
        <rootDirectory>/opt/ibm/InfoSphere_Streams/4.2.0.0/toolkits/spl</rootDirectory>
        <index>1</index>
      </toolkit>
      <toolkit isCurrentToolkit="false">
        <name>com.ibm.streams.rulescompiler</name>
        <rootDirectory>/opt/ibm/InfoSphere_Streams/4.2.0.0/toolkits/com.ibm.streams.rulescompiler</rootDirectory>
        <index>2</index>
      </toolkit>
      <toolkit isCurrentToolkit="false">
        <name>com.ibm.streamsx.health.ingest</name>
        <rootDirectory>/home/streamsadmin/git/streamsx.health/ingest/common/com.ibm.streamsx.health.ingest</rootDirectory>
        <index>3</index>
      </toolkit>
      <toolkit isCurrentToolkit="false">
        <name>com.ibm.streamsx.json</name>
        <rootDirectory>/home/streamsadmin/git/streamsx.json/com.ibm.streamsx.json</rootDirectory>
        <index>4</index>
      </toolkit>
      <toolkit isCurrentToolkit="false">
        <name>com.ibm.streamsx.topology</name>
        <rootDirectory>/opt/ibm/InfoSphere_Streams/4.2.0.0/toolkits/com.ibm.streamsx.topology</rootDirectory>
        <index>5</index>
      </toolkit>
    </toolkits>
    <optimized>true</optimized>
    <verbose>false</verbose>
    <networkByteOrdering>false</networkByteOrdering>
    <codeBeautification>false</codeBeautification>
    <includes>
      <include>"../type/BeJwrMS42ykwpNjQozi8tSk4NqSxILbZISS3LTE71TAEAoHUKDp.h"</include>
      <include>"../type/BeJwrMSo2K64sLknNLTZJzk9JBQA0TgY3.h"</include>
      <include>"../type/BeJwrMSo2ykwpNjTIyU9OLMnMz_1NMAQBDZwbz.h"</include>
      <include>"../type/BeJwrMfE0KikuMSo2K64sLknNLTZJzk9JNTQsSk1MycxLD6ksSHUzLUvMKU0tNi7NzwUAoG8RCu.h"</include>
      <include>"../type/BeJwtjFsOgzAMBK_1UPID2ApXyTS8QxRaKBDFiHSRuD4X8zs6serWwmWBes6SoWUqgnnjPifFZL8BFA6lrEqRuiX_1Hyng_1ViDjNo6UyzTeo_1pgFddtjwPKC3wSYmOa9G_0_13R7nynBVlqHxE_1atDPk.h"</include>
      <include>&lt;SPL_JNIFunctions_com_ibm_streamsx_health_ingest_types_resolver.h&gt;</include>
    </includes>
    <stateVariables/>
    <runtimeConstants/>
    <sourceLocation>
      <file>com.ibm.streamsx.health.analyze.vital/Main.spl</file>
      <line>28</line>
      <column>3</column>
    </sourceLocation>
    <productVersion>4.2.0.0</productVersion>
    <checkpointKind>none</checkpointKind>
  </context>

  <parameters>
    <parameter>
      <name>filter</name>
      <values>
        <value>
          <cppType>SPL::boolean</cppType>
          <splType>boolean</splType>
          <hasRuntimeConstant>false</hasRuntimeConstant>
          <cppExpression>(SPL::boolean(!::SPL::JNIFunctions::com::ibm::streamsx::health::ingest::types::resolver::SPL_JNIFunctions::isRespiratoryRate(iport$0.get_reading().get_readingType().get_code())) &amp;&amp; SPL::boolean(!::SPL::JNIFunctions::com::ibm::streamsx::health::ingest::types::resolver::SPL_JNIFunctions::isECGLeadI(iport$0.get_reading().get_readingType().get_code())))</cppExpression>
          <splExpression>!isRespiratoryRate(IngestSubscribe_1_out0.reading.readingType.code) &amp;&amp; !isECGLeadI(IngestSubscribe_1_out0.reading.readingType.code)</splExpression>
          <hasFunctions>true</hasFunctions>
          <hasSideEffects>false</hasSideEffects>
          <readsState>false</readsState>
          <hasStreamAttributes>true</hasStreamAttributes>
          <parameterExpressionMode>Expression</parameterExpressionMode>
          <sourceLocation>
            <file>com.ibm.streamsx.health.analyze.vital/Main.spl</file>
            <line>32</line>
            <column>14</column>
          </sourceLocation>
        </value>
      </values>
      <sourceLocation>
        <file>com.ibm.streamsx.health.analyze.vital/Main.spl</file>
        <line>32</line>
        <column>5</column>
      </sourceLocation>
    </parameter>
  </parameters>

  <inputPorts>
    <inputPort>
      <index>0</index>
      <tupleCppName>iport$0</tupleCppName>
      <tupleCppType>SPL::BeJwtjFsOgzAMBK_1UPID2ApXyTS8QxRaKBDFiHSRuD4X8zs6serWwmWBes6SoWUqgnnjPifFZL8BFA6lrEqRuiX_1Hyng_1ViDjNo6UyzTeo_1pgFddtjwPKC3wSYmOa9G_0_13R7nynBVlqHxE_1atDPk</tupleCppType>
      <tupleSPLType>tuple&lt;tuple&lt;rstring id,rstring locationId&gt; device,rstring patientId,tuple&lt;rstring id,rstring sourceType,rstring deviceId&gt; readingSource,tuple&lt;int64 ts,tuple&lt;rstring system,rstring code&gt; readingType,float64 value,rstring uom&gt; reading&gt;</tupleSPLType>
      <facade>false</facade>
      <mutationAllowed>false</mutationAllowed>
      <sourceLocation>
        <file>com.ibm.streamsx.health.analyze.vital/Main.spl</file>
        <line>29</line>
        <column>11</column>
      </sourceLocation>
      <attributes>
        <attribute>
          <name>device</name>
          <cppType>SPL::BeJwrMSo2ykwpNjTIyU9OLMnMz_1NMAQBDZwbz</cppType>
          <splType>tuple&lt;rstring id,rstring locationId&gt;</splType>
        </attribute>
        <attribute>
          <name>patientId</name>
          <cppType>SPL::rstring</cppType>
          <splType>rstring</splType>
        </attribute>
        <attribute>
          <name>readingSource</name>
          <cppType>SPL::BeJwrMS42ykwpNjQozi8tSk4NqSxILbZISS3LTE71TAEAoHUKDp</cppType>
          <splType>tuple&lt;rstring id,rstring sourceType,rstring deviceId&gt;</splType>
        </attribute>
        <attribute>
          <name>reading</name>
          <cppType>SPL::BeJwrMfE0KikuMSo2K64sLknNLTZJzk9JNTQsSk1MycxLD6ksSHUzLUvMKU0tNi7NzwUAoG8RCu</cppType>
          <splType>tuple&lt;int64 ts,tuple&lt;rstring system,rstring code&gt; readingType,float64 value,rstring uom&gt;</splType>
        </attribute>
      </attributes>
      <tuple>
        <tt:attr name="device">
          <tt:tuple>
            <tt:attr name="id" type="rstring"/>
            <tt:attr name="locationId" type="rstring"/>
          </tt:tuple>
        </tt:attr>
        <tt:attr name="patientId" type="rstring"/>
        <tt:attr name="readingSource">
          <tt:tuple>
            <tt:attr name="id" type="rstring"/>
            <tt:attr name="sourceType" type="rstring"/>
            <tt:attr name="deviceId" type="rstring"/>
          </tt:tuple>
        </tt:attr>
        <tt:attr name="reading">
          <tt:tuple>
            <tt:attr name="ts" type="int64"/>
            <tt:attr name="readingType">
              <tt:tuple>
                <tt:attr name="system" type="rstring"/>
                <tt:attr name="code" type="rstring"/>
              </tt:tuple>
            </tt:attr>
            <tt:attr name="value" type="float64"/>
            <tt:attr name="uom" type="rstring"/>
          </tt:tuple>
        </tt:attr>
      </tuple>
    </inputPort>
  </inputPorts>

  <outputPorts>
    <outputPort>
      <index>0</index>
      <tupleCppName>oport$0</tupleCppName>
      <tupleCppType>SPL::BeJwtjFsOgzAMBK_1UPID2ApXyTS8QxRaKBDFiHSRuD4X8zs6serWwmWBes6SoWUqgnnjPifFZL8BFA6lrEqRuiX_1Hyng_1ViDjNo6UyzTeo_1pgFddtjwPKC3wSYmOa9G_0_13R7nynBVlqHxE_1atDPk</tupleCppType>
      <tupleSPLType>tuple&lt;tuple&lt;rstring id,rstring locationId&gt; device,rstring patientId,tuple&lt;rstring id,rstring sourceType,rstring deviceId&gt; readingSource,tuple&lt;int64 ts,tuple&lt;rstring system,rstring code&gt; readingType,float64 value,rstring uom&gt; reading&gt;</tupleSPLType>
      <facade>false</facade>
      <mutationAllowed>false</mutationAllowed>
      <sourceLocation>
        <file>com.ibm.streamsx.health.analyze.vital/Main.spl</file>
        <line>28</line>
        <column>4</column>
      </sourceLocation>
      <attributes>
        <attribute>
          <name>device</name>
          <cppType>SPL::BeJwrMSo2ykwpNjTIyU9OLMnMz_1NMAQBDZwbz</cppType>
          <splType>tuple&lt;rstring id,rstring locationId&gt;</splType>
          <assignment>
            <sourceLocation>
              <file>&lt;invalid&gt;</file>
              <line>-1</line>
              <column>0</column>
            </sourceLocation>
            <values>
              <value>
                <cppType>SPL::BeJwrMSo2ykwpNjTIyU9OLMnMz_1NMAQBDZwbz</cppType>
                <splType>tuple&lt;rstring id,rstring locationId&gt;</splType>
                <hasRuntimeConstant>false</hasRuntimeConstant>
                <cppExpression>iport$0.get_device()</cppExpression>
                <splExpression>IngestSubscribe_1_out0.device</splExpression>
                <hasFunctions>false</hasFunctions>
                <hasSideEffects>false</hasSideEffects>
                <readsState>false</readsState>
                <hasStreamAttributes>true</hasStreamAttributes>
                <sourceLocation>
                  <file>&lt;invalid&gt;</file>
                  <line>-1</line>
                  <column>0</column>
                </sourceLocation>
              </value>
            </values>
          </assignment>
        </attribute>
        <attribute>
          <name>patientId</name>
          <cppType>SPL::rstring</cppType>
          <splType>rstring</splType>
          <assignment>
            <sourceLocation>
              <file>&lt;invalid&gt;</file>
              <line>-1</line>
              <column>0</column>
            </sourceLocation>
            <values>
              <value>
                <cppType>SPL::rstring</cppType>
                <splType>rstring</splType>
                <hasRuntimeConstant>false</hasRuntimeConstant>
                <cppExpression>iport$0.get_patientId()</cppExpression>
                <splExpression>IngestSubscribe_1_out0.patientId</splExpression>
                <hasFunctions>false</hasFunctions>
                <hasSideEffects>false</hasSideEffects>
                <readsState>false</readsState>
                <hasStreamAttributes>true</hasStreamAttributes>
                <sourceLocation>
                  <file>&lt;invalid&gt;</file>
                  <line>-1</line>
                  <column>0</column>
                </sourceLocation>
              </value>
            </values>
          </assignment>
        </attribute>
        <attribute>
          <name>readingSource</name>
          <cppType>SPL::BeJwrMS42ykwpNjQozi8tSk4NqSxILbZISS3LTE71TAEAoHUKDp</cppType>
          <splType>tuple&lt;rstring id,rstring sourceType,rstring deviceId&gt;</splType>
          <assignment>
            <sourceLocation>
              <file>&lt;invalid&gt;</file>
              <line>-1</line>
              <column>0</column>
            </sourceLocation>
            <values>
              <value>
                <cppType>SPL::BeJwrMS42ykwpNjQozi8tSk4NqSxILbZISS3LTE71TAEAoHUKDp</cppType>
                <splType>tuple&lt;rstring id,rstring sourceType,rstring deviceId&gt;</splType>
                <hasRuntimeConstant>false</hasRuntimeConstant>
                <cppExpression>iport$0.get_readingSource()</cppExpression>
                <splExpression>IngestSubscribe_1_out0.readingSource</splExpression>
                <hasFunctions>false</hasFunctions>
                <hasSideEffects>false</hasSideEffects>
                <readsState>false</readsState>
                <hasStreamAttributes>true</hasStreamAttributes>
                <sourceLocation>
                  <file>&lt;invalid&gt;</file>
                  <line>-1</line>
                  <column>0</column>
                </sourceLocation>
              </value>
            </values>
          </assignment>
        </attribute>
        <attribute>
          <name>reading</name>
          <cppType>SPL::BeJwrMfE0KikuMSo2K64sLknNLTZJzk9JNTQsSk1MycxLD6ksSHUzLUvMKU0tNi7NzwUAoG8RCu</cppType>
          <splType>tuple&lt;int64 ts,tuple&lt;rstring system,rstring code&gt; readingType,float64 value,rstring uom&gt;</splType>
          <assignment>
            <sourceLocation>
              <file>&lt;invalid&gt;</file>
              <line>-1</line>
              <column>0</column>
            </sourceLocation>
            <values>
              <value>
                <cppType>SPL::BeJwrMfE0KikuMSo2K64sLknNLTZJzk9JNTQsSk1MycxLD6ksSHUzLUvMKU0tNi7NzwUAoG8RCu</cppType>
                <splType>tuple&lt;int64 ts,tuple&lt;rstring system,rstring code&gt; readingType,float64 value,rstring uom&gt;</splType>
                <hasRuntimeConstant>false</hasRuntimeConstant>
                <cppExpression>iport$0.get_reading()</cppExpression>
                <splExpression>IngestSubscribe_1_out0.reading</splExpression>
                <hasFunctions>false</hasFunctions>
                <hasSideEffects>false</hasSideEffects>
                <readsState>false</readsState>
                <hasStreamAttributes>true</hasStreamAttributes>
                <sourceLocation>
                  <file>&lt;invalid&gt;</file>
                  <line>-1</line>
                  <column>0</column>
                </sourceLocation>
              </value>
            </values>
          </assignment>
        </attribute>
      </attributes>
      <tuple>
        <tt:attr name="device">
          <tt:tuple>
            <tt:attr name="id" type="rstring"/>
            <tt:attr name="locationId" type="rstring"/>
          </tt:tuple>
        </tt:attr>
        <tt:attr name="patientId" type="rstring"/>
        <tt:attr name="readingSource">
          <tt:tuple>
            <tt:attr name="id" type="rstring"/>
            <tt:attr name="sourceType" type="rstring"/>
            <tt:attr name="deviceId" type="rstring"/>
          </tt:tuple>
        </tt:attr>
        <tt:attr name="reading">
          <tt:tuple>
            <tt:attr name="ts" type="int64"/>
            <tt:attr name="readingType">
              <tt:tuple>
                <tt:attr name="system" type="rstring"/>
                <tt:attr name="code" type="rstring"/>
              </tt:tuple>
            </tt:attr>
            <tt:attr name="value" type="float64"/>
            <tt:attr name="uom" type="rstring"/>
          </tt:tuple>
        </tt:attr>
      </tuple>
      <finalPunctuationPortScope>
        <port>0</port>
      </finalPunctuationPortScope>
    </outputPort>
  </outputPorts>

</operatorInstanceModel>
