<?xml version="1.0" encoding="UTF-8" standalone="no" ?>
<tupleModel xmlns="http://www.ibm.com/xmlns/prod/streams/spl/tuple" class="BeJwrMS42ykwpNjQozi8tSk4NqSxILbZISS3LTE71TAEAoHUKDp" equalitySupported="true" facade="false" splType="tuple&lt;rstring id,rstring sourceType,rstring deviceId>" xmlns:xsi="http://www.w3.org/2001/XMLSchema-instance">

  <headers/>

  <attributes>
    <attribute>
      <name>id</name>
      <cppType>SPL::rstring</cppType>
      <splType>rstring</splType>
    </attribute>
    <attribute>
      <name>sourceType</name>
      <cppType>SPL::rstring</cppType>
      <splType>rstring</splType>
    </attribute>
    <attribute>
      <name>deviceId</name>
      <cppType>SPL::rstring</cppType>
      <splType>rstring</splType>
    </attribute>
  </attributes>

</tupleModel>
