<?xml version="1.0" encoding="UTF-8" standalone="no" ?>
<tupleModel xmlns="http://www.ibm.com/xmlns/prod/streams/spl/tuple" class="BeJwtjFsOgzAMBK_1UPID2ApXyTS8QxRaKBDFiHSRuD4X8zs6serWwmWBes6SoWUqgnnjPifFZL8BFA6lrEqRuiX_1Hyng_1ViDjNo6UyzTeo_1pgFddtjwPKC3wSYmOa9G_0_13R7nynBVlqHxE_1atDPk" equalitySupported="true" facade="false" splType="tuple&lt;tuple&lt;rstring id,rstring locationId> device,rstring patientId,tuple&lt;rstring id,rstring sourceType,rstring deviceId> readingSource,tuple&lt;int64 ts,tuple&lt;rstring system,rstring code> readingType,float64 value,rstring uom> reading>" xmlns:xsi="http://www.w3.org/2001/XMLSchema-instance">

  <headers>
    <header>BeJwrMfE0KikuMSo2K64sLknNLTZJzk9JNTQsSk1MycxLD6ksSHUzLUvMKU0tNi7NzwUAoG8RCu</header>
    <header>BeJwrMS42ykwpNjQozi8tSk4NqSxILbZISS3LTE71TAEAoHUKDp</header>
    <header>BeJwrMSo2ykwpNjTIyU9OLMnMz_1NMAQBDZwbz</header>
  </headers>

  <attributes>
    <attribute>
      <name>device</name>
      <cppType>SPL::BeJwrMSo2ykwpNjTIyU9OLMnMz_1NMAQBDZwbz</cppType>
      <splType>tuple&lt;rstring id,rstring locationId&gt;</splType>
    </attribute>
    <attribute>
      <name>patientId</name>
      <cppType>SPL::rstring</cppType>
      <splType>rstring</splType>
    </attribute>
    <attribute>
      <name>readingSource</name>
      <cppType>SPL::BeJwrMS42ykwpNjQozi8tSk4NqSxILbZISS3LTE71TAEAoHUKDp</cppType>
      <splType>tuple&lt;rstring id,rstring sourceType,rstring deviceId&gt;</splType>
    </attribute>
    <attribute>
      <name>reading</name>
      <cppType>SPL::BeJwrMfE0KikuMSo2K64sLknNLTZJzk9JNTQsSk1MycxLD6ksSHUzLUvMKU0tNi7NzwUAoG8RCu</cppType>
      <splType>tuple&lt;int64 ts,tuple&lt;rstring system,rstring code&gt; readingType,float64 value,rstring uom&gt;</splType>
    </attribute>
  </attributes>

</tupleModel>
