<?xml version="1.0" encoding="UTF-8" standalone="no" ?>
<tupleModel xmlns="http://www.ibm.com/xmlns/prod/streams/spl/tuple" class="BeJwrMSo2K64sLknNLTZJzk9JBQA0TgY3" equalitySupported="true" facade="false" splType="tuple&lt;rstring system,rstring code>" xmlns:xsi="http://www.w3.org/2001/XMLSchema-instance">

  <headers/>

  <attributes>
    <attribute>
      <name>system</name>
      <cppType>SPL::rstring</cppType>
      <splType>rstring</splType>
    </attribute>
    <attribute>
      <name>code</name>
      <cppType>SPL::rstring</cppType>
      <splType>rstring</splType>
    </attribute>
  </attributes>

</tupleModel>
