<?xml version="1.0" encoding="UTF-8" standalone="no" ?>
<tupleModel xmlns="http://www.ibm.com/xmlns/prod/streams/spl/tuple" class="BeJwrMfE0KikuMSo2K64sLknNLTZJzk9JNTQsSk1MycxLD6ksSHUzLUvMKU0tNi7NzwUAoG8RCu" equalitySupported="true" facade="false" splType="tuple&lt;int64 ts,tuple&lt;rstring system,rstring code> readingType,float64 value,rstring uom>" xmlns:xsi="http://www.w3.org/2001/XMLSchema-instance">

  <headers>
    <header>BeJwrMSo2K64sLknNLTZJzk9JBQA0TgY3</header>
  </headers>

  <attributes>
    <attribute>
      <name>ts</name>
      <cppType>SPL::int64</cppType>
      <splType>int64</splType>
    </attribute>
    <attribute>
      <name>readingType</name>
      <cppType>SPL::BeJwrMSo2K64sLknNLTZJzk9JBQA0TgY3</cppType>
      <splType>tuple&lt;rstring system,rstring code&gt;</splType>
    </attribute>
    <attribute>
      <name>value</name>
      <cppType>SPL::float64</cppType>
      <splType>float64</splType>
    </attribute>
    <attribute>
      <name>uom</name>
      <cppType>SPL::rstring</cppType>
      <splType>rstring</splType>
    </attribute>
  </attributes>

</tupleModel>
