<?xml version="1.0" ?>
<!--
Copyright (C) 2013-2014, International Business Machines Corporation
All Rights Reserved
-->
<operatorModel
  xmlns="http://www.ibm.com/xmlns/prod/streams/spl/operator" 
  xmlns:cmn="http://www.ibm.com/xmlns/prod/streams/spl/common" 
  xmlns:xsi="http://www.w3.org/2001/XMLSchema-instance"
  xsi:schemaLocation="http://www.ibm.com/xmlns/prod/streams/spl/operator operatorModel.xsd">
  <cppOperatorModel>
    <context>
      <description docHref="doc/${nl}/spldoc/html/tk$com.ibm.streamsx.inet/op$com.ibm.streamsx.inet.ftp$FTPPutFile.html">
The `FTPPutFile` operator can put a local file on a remote host by using FTP, FTPS, or SFTP protocols. 
You can optionally rename the file after you complete the transfer.</description>
      <iconUri size="16">ftpPutFile_16.gif</iconUri>
      <iconUri size="32">ftpPutFile_32.gif</iconUri>
      <!-- some optional elements
      <metrics>
        <metric>
          <name>metricName</name>
          <description>Metric description</description>
          <kind>Counter</kind>
        </metric>
      </metrics>
      -->
      <customOutputFunctions>
        <customOutputFunction>
          <name>GetStatistics</name>
          <function>
            <description>Get the command success indication.</description>
            <prototype><![CDATA[boolean Success()]]></prototype>
          </function>
          <function>
            <description>This function returns a string with the url including schema of the transferred file.</description>
            <prototype><![CDATA[rstring Url()]]></prototype>
          </function>
          <function>
            <description>This function returns the file size.</description>
            <prototype><![CDATA[uint64 FileSize()]]></prototype>
          </function>
          <function>
            <description>Deprecated: This function returns the number of completed ftp transfers. Use function TransferCount() instead.</description>
            <prototype><![CDATA[uint32 NoTransfers()]]></prototype>
          </function>
          <function>
            <description>This function returns the number of completed ftp transfers.</description>
            <prototype><![CDATA[uint32 TransferCount()]]></prototype>
          </function>
          <function>
            <description>Deprecated: This function returns the number of failed ftp transfers. Use function TransferFailureCount() instead.</description>
            <prototype><![CDATA[uint32 NoTransferFailures()]]></prototype>
          </function>
          <function>
            <description>This function returns the number of failed ftp transfers.</description>
            <prototype><![CDATA[uint32 TransferFailureCount()]]></prototype>
          </function>
          <function>
            <description>Deprecated: This function returns the number of bytes transferred in successfully completed transfers. Use function BytesTransferred() instead.</description>
            <prototype><![CDATA[uint64 NoBytesTransferred()]]></prototype>
          </function>
          <function>
            <description>This function returns the number of bytes transferred in successfully completed transfers.</description>
            <prototype><![CDATA[uint64 BytesTransferred()]]></prototype>
          </function>
          <function>
            <description>This function returns the transfer speed in byte per second of the last transfer / valid after file end.</description>
            <prototype><![CDATA[float64 TransferSpeed()]]></prototype>
          </function>
          <function>
            <description>Return the argument unchanged.</description>
            <prototype><![CDATA[<any T> T AsIs(T)]]></prototype>
          </function>
        </customOutputFunction>
        <customOutputFunction>
          <name>GetError</name>
          <function>
            <description>Deprecated: Get the error number. Use function ErrorCode() instead.</description>
            <prototype><![CDATA[int32 Error()]]></prototype>
          </function>
          <function>
            <description>Get the error number</description>
            <prototype><![CDATA[int32 ErrorCode()]]></prototype>
          </function>
          <function>
            <description>Get the error description</description>
            <prototype><![CDATA[rstring ErrorText()]]></prototype>
          </function>
          <function>
            <description>This function returns a string with the url including schema of the transferred file.</description>
            <prototype><![CDATA[rstring Url()]]></prototype>
          </function>
          <function>
            <description>Deprecated: This function returns the number of completed ftp transfers. Use function TransferCount() instead.</description>
            <prototype><![CDATA[uint32 NoTransfers()]]></prototype>
          </function>
          <function>
            <description>This function returns the number of completed ftp transfers.</description>
            <prototype><![CDATA[uint32 TransferCount()]]></prototype>
          </function>
          <function>
            <description>Deprecated: This function returns the number of failed ftp transfers. Use function TransferFailureCount() instead.</description>
            <prototype><![CDATA[uint32 NoTransferFailures()]]></prototype>
          </function>
          <function>
            <description>This function returns the number of failed ftp transfers.</description>
            <prototype><![CDATA[uint32 TransferFailureCount()]]></prototype>
          </function>
          <function>
            <description>Deprecated: This function returns the number of bytes transferred in successfully completed transfers. Use function BytesTransferred() instead.</description>
            <prototype><![CDATA[uint64 NoBytesTransferred()]]></prototype>
          </function>
          <function>
            <description>This function returns the number of bytes transferred in successfully completed transfers.</description>
            <prototype><![CDATA[uint64 BytesTransferred()]]></prototype>
          </function>
          <function>
            <description>Return the argument unchanged.</description>
            <prototype><![CDATA[<any T> T AsIs(T)]]></prototype>
          </function>
        </customOutputFunction>
      </customOutputFunctions>
      <libraryDependencies>
        <library>
          <cmn:description>curl lib</cmn:description>
          <cmn:managedLibrary>
            <cmn:lib>curl</cmn:lib>
            <cmn:libPath></cmn:libPath>
            <cmn:includePath></cmn:includePath>
          </cmn:managedLibrary>
        </library>
        <library>
          <cmn:description>FTP wrapper lib</cmn:description>
          <cmn:managedLibrary>
            <cmn:lib>inettoolkit</cmn:lib>
            <cmn:libPath>../../impl/lib</cmn:libPath>
            <cmn:includePath>../../impl/cpp/include</cmn:includePath>
          </cmn:managedLibrary>
        </library>
      </libraryDependencies>
      <providesSingleThreadedContext>Always</providesSingleThreadedContext>
      <allowCustomLogic>false</allowCustomLogic>
      <codeTemplates>
        <codeTemplate name="FTPPutFile">
          <description>FTPPutFile used to put files to an FTP site using a temporary file name and re-name after transfer. The input stream must have attributes file and path.</description>
          <template>
stream&lt;rstring path, rstring file, uint64 size, rstring url, boolean success&gt; ${ResultStream} as OUT = FTPPutFile(${FilenameStream}) {
	param
		protocol : ftp;
		host : "${host}";
		path : "/${path}/";
		username : "${username}";
		password : "${password}";
		localFilename : path;
		filename : "file.tmp";
		renameTo : file;
		sendStatisticsOnError : true;
	output OUT :
		size = FileSize(),
		url = Url(),
		success = Success();
}</template>
        </codeTemplate>
      </codeTemplates>
    </context>
    <parameters>
      <allowAny>false</allowAny>
      <parameter>
        <name>protocol</name>
        <description>Protocol and encryption properties of the connection. This parameter takes one value of type [Protocol]</description>
        <optional>false</optional>
        <rewriteAllowed>true</rewriteAllowed>
        <expressionMode>AttributeFree</expressionMode>
        <type>enum&#123;ftp,ftpSSLAll,ftpSSLControl,ftpSSLTry,ftps,sftp&#125;</type>
        <cardinality>1</cardinality>
      </parameter>
      <parameter>
        <name>host</name>
        <description>Hostname or IP address of the remote host in form hostname\[:port\].</description>
        <optional>false</optional>
        <rewriteAllowed>true</rewriteAllowed>
        <expressionMode>Expression</expressionMode>
        <type>rstring</type>
        <cardinality>1</cardinality>
        <portScope><port>0</port></portScope>
      </parameter>
      <parameter>
        <name>path</name>
        <description>
The path of the remote fie/directory. The path may contain an filename part. If the filename part is omitted the parameter must end with a '/'. 
In case of ftp protocols the path is relative to the home directory of the user and may depend on the server configuration. In case of ftp protocol an absolute path must start with '//'.
In case of sftp the path is an absolute path. A path relative to users home directory may be entered in the form '~/'.
        </description>
        <optional>false</optional>
        <rewriteAllowed>true</rewriteAllowed>
        <expressionMode>Expression</expressionMode>
        <type>rstring</type>
        <cardinality>1</cardinality>
        <portScope><port>0</port></portScope>
      </parameter>
      <parameter>
        <name>filename</name>
        <description>The filename part of the file/directory if the hostPath does not contain a filename part.</description>
        <optional>true</optional>
        <rewriteAllowed>true</rewriteAllowed>
        <expressionMode>Expression</expressionMode>
        <type>rstring</type>
        <cardinality>1</cardinality>
        <portScope><port>0</port></portScope>
      </parameter>
      <parameter>
        <name>renameTo</name>
        <description>The rename-to name. A file is renamed if this parameter is there and is non empty.</description>
        <optional>true</optional>
        <rewriteAllowed>true</rewriteAllowed>
        <expressionMode>Expression</expressionMode>
        <type>rstring</type>
        <cardinality>1</cardinality>
        <portScope><port>0</port></portScope>
      </parameter>
      <parameter>
        <name>localFilename</name>
        <description>The name of the file to be transferred in the local file system.  If relative, the path is relative to the data directory.</description>
        <optional>false</optional>
        <rewriteAllowed>true</rewriteAllowed>
        <expressionMode>Expression</expressionMode>
        <type>rstring</type>
        <cardinality>1</cardinality>
        <portScope><port>0</port></portScope>
      </parameter>
      <parameter>
        <name>username</name>
        <description>The ftp username. If the operator has two input ports and this parameter is an attribute parameter it must be supplied from the second input port.</description>
        <optional>false</optional>
        <rewriteAllowed>true</rewriteAllowed>
        <expressionMode>Expression</expressionMode>
        <type>rstring</type>
        <cardinality>1</cardinality>
      </parameter>
      <parameter>
        <name>password</name>
        <description>The password for the ftp user. If the operator has two input ports and this parameter is an attribute parameter it must be supplied from the second input port.</description>
        <optional>true</optional>
        <rewriteAllowed>true</rewriteAllowed>
        <expressionMode>Expression</expressionMode>
        <type>rstring</type>
        <cardinality>1</cardinality>
      </parameter>
      <parameter>
        <name>connectionCloseMode</name>
        <description>
This optionally parameter controls when the closing of connection after transfer. The parameter takes one value of type [ConnectionCloseMode]. Default value is `never`.</description>
        <optional>true</optional>
        <rewriteAllowed>true</rewriteAllowed>
        <expressionMode>AttributeFree</expressionMode>
        <type>enum&#123;never, ever, punct&#125;</type>
        <cardinality>1</cardinality>
      </parameter>
      <parameter>
        <name>connectionTimeout</name>
        <description>This is the maximum time in seconds that you allow the connection to the server to take. This only limits the connection phase, once it has connected, this option is of no more use. Set to zero to switch to the default built-in connection timeout - 120 seconds. See also the `transferTimeout` parameter.</description>
        <optional>true</optional>
        <rewriteAllowed>true</rewriteAllowed>
        <expressionMode>Expression</expressionMode>
        <type>int32</type>
        <cardinality>1</cardinality>
        <portScope><port>0</port></portScope>
      </parameter>
      <parameter>
        <name>transferTimeout</name>
        <description>This is the maximum time in seconds that you allow the libcurl transfer operation to take. Normally, name lookups can take a considerable time
and limiting operations to less than a few minutes risk aborting perfectly normal operations. Default timeout is 0 (zero) which means it never times out.</description>
        <optional>true</optional>
        <rewriteAllowed>true</rewriteAllowed>
        <expressionMode>Expression</expressionMode>
        <type>int32</type>
        <cardinality>1</cardinality>
        <portScope><port>0</port></portScope>
      </parameter>
      <parameter>
        <name>curlVerbose</name>
        <description>Verbose mode for curl lib. Default value is false. The curl information are sent stderr.</description>
        <optional>true</optional>
        <rewriteAllowed>true</rewriteAllowed>
        <expressionMode>AttributeFree</expressionMode>
        <type>boolean</type>
        <cardinality>1</cardinality>
      </parameter>
      <parameter>
        <name>useEPSV</name>
        <description>
If the value is true, it tells curl to use the EPSV command when doing passive FTP downloads (default true) 
Using EPSV means that it will first attempt to use EPSV before using PASV, but if you pass false to this option, 
it will not try using EPSV, only plain PASV 
If the server is an IPv6 host, this option will have no effect.</description>
        <optional>true</optional>
        <rewriteAllowed>true</rewriteAllowed>
        <expressionMode>AttributeFree</expressionMode>
        <type>boolean</type>
        <cardinality>1</cardinality>
      </parameter>
      <parameter>
        <name>useEPRT</name>
        <description>
If the value is true, it tells curl to use the EPRT (and LPRT) command when doing active FTP downloads 
(which is enabled by ftpPORT) default true. Using EPRT means that it will first attempt to use EPRT and then LPRT before using PORT, 
but if you pass false to this option, it will not try using EPRT or LPRT, only plain PORT. 
If the server is an IPv6 host, this option will have no effect as of 7.12.3.</description>
        <optional>true</optional>
        <rewriteAllowed>true</rewriteAllowed>
        <expressionMode>AttributeFree</expressionMode>
        <type>boolean</type>
        <cardinality>1</cardinality>
      </parameter>
      <!-- added in curl version 7.20.0
      <parameter>
        <name>usePRET</name>
        <description>
If the value is 1, it tells curl to send a PRET command before PASV (and EPSV). 
Certain FTP servers, mainly drftpd, require this non-standard command for directory listings as well as up and downloads 
in PASV mode. Has no effect when using the active FTP transfers mode.</description>
        <optional>true</optional>
        <rewriteAllowed>true</rewriteAllowed>
        <expressionMode>AttributeFree</expressionMode>
        <type>boolean</type>
        <cardinality>1</cardinality>
      </parameter>
      -->
      <parameter>
        <name>usePORT</name>
        <description>
It will be used to get the IP address to use for the FTP PORT instruction. 
The PORT instruction tells the remote server to connect to our specified IP address. 
The string may be a plain IP address, a host name, a network interface name or just a '-' symbol to let the 
library use your system's default IP address. 
Default FTP operations are passive, and thus won't use PORT. 
The address can be followed by a ':' to specify a port, optionally followed by a '-' to specify a port range. 
If the port specified is 0, the operating system will pick a free port. If a range is provided and all ports 
in the range are not available, libcurl will report CURLE_FTP_PORT_FAILED for the handle. Invalid port/range 
settings are ignored. IPv6 addresses followed by a port or portrange have to be in brackets. 
IPv6 addresses without port/range specifier can be in brackets. (added in 7.19.5)

Examples with specified ports:

eth0:0   192.168.1.2:32000-33000   curl.se:32123   \[::1\]:1234-4567

You disable PORT again and go back to using the passive version by setting this option to an empty string.</description>
        <optional>true</optional>
        <rewriteAllowed>true</rewriteAllowed>
        <expressionMode>Expression</expressionMode>
        <type>rstring</type>
        <cardinality>1</cardinality>
        <portScope><port>0</port></portScope>
      </parameter>
      <parameter>
        <name>skipPASVIp</name>
        <description>
If set to true, it instructs libcurl to not use the IP address the server suggests in its 227-response 
to libcurl's PASV command when libcurl connects the data connection. Instead libcurl will re-use the same IP address 
it already uses for the control connection. But it will use the port number from the 227-response.</description>
        <optional>true</optional>
        <rewriteAllowed>true</rewriteAllowed>
        <expressionMode>AttributeFree</expressionMode>
        <type>boolean</type>
        <cardinality>1</cardinality>
      </parameter>
      <parameter>
        <name>sendStatisticsOnError</name>
        <description>If set to true, the operator sends out a statistics tuple on port 0 when the put-operation fails.</description>
        <optional>true</optional>
        <rewriteAllowed>false</rewriteAllowed>
        <expressionMode>Constant</expressionMode>
        <type>boolean</type>
        <cardinality>1</cardinality>
      </parameter>
    </parameters>
    <inputPorts>
      <inputPortSet>
        <description>This input port triggers a file transfer. Typically the requested filenames are received from stream attributes.</description>
        <tupleMutationAllowed>false</tupleMutationAllowed>
        <windowingMode>NonWindowed</windowingMode>
        <windowPunctuationInputMode>Oblivious</windowPunctuationInputMode>
        <cardinality>1</cardinality>
        <optional>false</optional>
      </inputPortSet>      
      <inputPortSet>
        <description>This optional input port may be used to set/change the username and password.</description>
        <tupleMutationAllowed>false</tupleMutationAllowed>
        <windowingMode>NonWindowed</windowingMode>
        <windowPunctuationInputMode>Oblivious</windowPunctuationInputMode>
        <controlPort>true</controlPort>
        <cardinality>1</cardinality>
        <optional>true</optional>
      </inputPortSet>
    </inputPorts>
    <outputPorts>
      <outputPortSet>
        <description>The statistics stream with the statistics of the performed operation. The GetStatistics output functions must be applied to this port.</description>
        <expressionMode>Expression</expressionMode> 
        <autoAssignment>true</autoAssignment>
        <completeAssignment>false</completeAssignment>
        <rewriteAllowed>true</rewriteAllowed>
        <outputFunctions>
          <default>AsIs</default>
          <type>GetStatistics</type>
        </outputFunctions>
        <windowPunctuationOutputMode>Preserving</windowPunctuationOutputMode>
        <windowPunctuationInputPort>0</windowPunctuationInputPort>
        <finalPunctuationPortScope>
          <port>0</port>
        </finalPunctuationPortScope>
        <tupleMutationAllowed>true</tupleMutationAllowed>
        <outputAssignmentPortScope>
          <port>0</port>
        </outputAssignmentPortScope>
        <cardinality>1</cardinality>
        <optional>false</optional>
      </outputPortSet>
      <outputPortSet>
        <description>The optional error stream with the diagnostics information. The GetError output functions may be applied to this port. If no output assignment is applied, the output stream must have a single attribute of type rstring.</description>
        <expressionMode>Expression</expressionMode> 
        <autoAssignment>true</autoAssignment>
        <completeAssignment>false</completeAssignment>
        <rewriteAllowed>true</rewriteAllowed>
        <outputFunctions>
          <default>AsIs</default>
          <type>GetError</type>
        </outputFunctions>
        <windowPunctuationOutputMode>Free</windowPunctuationOutputMode>
        <finalPunctuationPortScope>
          <port>0</port>
        </finalPunctuationPortScope>
        <tupleMutationAllowed>true</tupleMutationAllowed>
        <outputAssignmentPortScope>
          <port>0</port>
        </outputAssignmentPortScope>
        <cardinality>1</cardinality>
        <optional>true</optional>
      </outputPortSet>
    </outputPorts>
  </cppOperatorModel>
</operatorModel>
