<?xml version="1.0" encoding="UTF-8" standalone="no" ?>
<operatorInstanceModel xmlns="http://www.ibm.com/xmlns/prod/streams/spl/operator/instance" xmlns:an="http://www.ibm.com/xmlns/prod/streams/spl/annotation" xmlns:tt="http://www.ibm.com/xmlns/prod/streams/spl/tupleType" xmlns:xsi="http://www.w3.org/2001/XMLSchema-instance">

  <context>
    <kind>spl.relational::Functor</kind>
    <class>Functor_6</class>
    <operatorModelDirectory>/opt/ibm/InfoSphere_Streams/4.2.0.0/toolkits/spl/spl/relational/Functor</operatorModelDirectory>
    <applicationDirectory>/home/streamsadmin/git/streamsx.health/samples/PatientsMonitoringDemo/.toolkits/com.ibm.streamsx.health.analyze.vital</applicationDirectory>
    <dataDirectory>/home/streamsadmin/git/streamsx.health/samples/PatientsMonitoringDemo/.toolkits/com.ibm.streamsx.health.analyze.vital/data</dataDirectory>
    <outputDirectory>/home/streamsadmin/git/streamsx.health/samples/PatientsMonitoringDemo/.toolkits/com.ibm.streamsx.health.analyze.vital/output/com.ibm.streamsx.health.analyze.vital.VitalRangeCheckService/BuildConfig</outputDirectory>
    <toolkits>
      <toolkit isCurrentToolkit="false">
        <name>com.ibm.streamsx.health.analyze.vital</name>
        <rootDirectory>/home/streamsadmin/git/streamsx.health/samples/PatientsMonitoringDemo/.toolkits/com.ibm.streamsx.health.analyze.vital</rootDirectory>
        <index>0</index>
      </toolkit>
      <toolkit isCurrentToolkit="true">
        <name>spl</name>
        <rootDirectory>/opt/ibm/InfoSphere_Streams/4.2.0.0/toolkits/spl</rootDirectory>
        <index>1</index>
      </toolkit>
      <toolkit isCurrentToolkit="false">
        <name>com.ibm.streams.rulescompiler</name>
        <rootDirectory>/opt/ibm/InfoSphere_Streams/4.2.0.0/toolkits/com.ibm.streams.rulescompiler</rootDirectory>
        <index>2</index>
      </toolkit>
      <toolkit isCurrentToolkit="false">
        <name>com.ibm.streamsx.health.ingest</name>
        <rootDirectory>/home/streamsadmin/git/streamsx.health/ingest/common/com.ibm.streamsx.health.ingest</rootDirectory>
        <index>3</index>
      </toolkit>
      <toolkit isCurrentToolkit="false">
        <name>com.ibm.streamsx.json</name>
        <rootDirectory>/home/streamsadmin/git/streamsx.json/com.ibm.streamsx.json</rootDirectory>
        <index>4</index>
      </toolkit>
      <toolkit isCurrentToolkit="false">
        <name>com.ibm.streamsx.topology</name>
        <rootDirectory>/opt/ibm/InfoSphere_Streams/4.2.0.0/toolkits/com.ibm.streamsx.topology</rootDirectory>
        <index>5</index>
      </toolkit>
    </toolkits>
    <optimized>true</optimized>
    <verbose>false</verbose>
    <networkByteOrdering>false</networkByteOrdering>
    <codeBeautification>false</codeBeautification>
    <includes>
      <include>"../type/BeJwrMS42ykwpNjQozi8tSk4NqSxILbZISS3LTE71TAEAoHUKDp.h"</include>
      <include>"../type/BeJwrMSo2K64sLknNLTZJzk9JBQA0TgY3.h"</include>
      <include>"../type/BeJwrMSo2ykwpNjTIyU9OLMnMz_1NMAQBDZwbz.h"</include>
      <include>"../type/BeJwrMfE0KikuMSo2K64sLknNLTZJzk9JNTQsSk1MycxLD6ksSHUzLUvMKU0tNi7NzwUAoG8RCu.h"</include>
      <include>"../type/BeJwtjFsOgzAMBK_1UPID2ApXyTS8QxRaKBDFiHSRuD4X8zs6serWwmWBes6SoWUqgnnjPifFZL8BFA6lrEqRuiX_1Hyng_1ViDjNo6UyzTeo_1pgFddtjwPKC3wSYmOa9G_0_13R7nynBVlqHxE_1atDPk.h"</include>
      <include>"../type/BeJwtjFsOwjAMBK9EHhS4AFK_04QIhtlCkNo66TtXentLmd3Zm1apXC5sJ5jJKipqlBBqIl5wYj7oDLhpIXZcgbU783irjflqBjJs5Ui7f1zGqD1ax3w7YoDzBJyE2pkv_19nld4tgYrsl069zJZ4WrmX46njfp.h"</include>
    </includes>
    <stateVariables/>
    <runtimeConstants/>
    <sourceLocation>
      <file>com.ibm.streamsx.health.analyze.vital/VitalRangeCheckService.spl</file>
      <line>131</line>
      <column>3</column>
    </sourceLocation>
    <productVersion>4.2.0.0</productVersion>
    <checkpointKind>none</checkpointKind>
  </context>

  <parameters/>

  <inputPorts>
    <inputPort>
      <index>0</index>
      <tupleCppName>iport$0</tupleCppName>
      <tupleCppType>SPL::BeJwtjFsOgzAMBK_1UPID2ApXyTS8QxRaKBDFiHSRuD4X8zs6serWwmWBes6SoWUqgnnjPifFZL8BFA6lrEqRuiX_1Hyng_1ViDjNo6UyzTeo_1pgFddtjwPKC3wSYmOa9G_0_13R7nynBVlqHxE_1atDPk</tupleCppType>
      <tupleSPLType>tuple&lt;tuple&lt;rstring id,rstring locationId&gt; device,rstring patientId,tuple&lt;rstring id,rstring sourceType,rstring deviceId&gt; readingSource,tuple&lt;int64 ts,tuple&lt;rstring system,rstring code&gt; readingType,float64 value,rstring uom&gt; reading&gt;</tupleSPLType>
      <facade>false</facade>
      <mutationAllowed>false</mutationAllowed>
      <sourceLocation>
        <file>com.ibm.streamsx.health.analyze.vital/VitalRangeCheckService.spl</file>
        <line>132</line>
        <column>12</column>
      </sourceLocation>
      <attributes>
        <attribute>
          <name>device</name>
          <cppType>SPL::BeJwrMSo2ykwpNjTIyU9OLMnMz_1NMAQBDZwbz</cppType>
          <splType>tuple&lt;rstring id,rstring locationId&gt;</splType>
        </attribute>
        <attribute>
          <name>patientId</name>
          <cppType>SPL::rstring</cppType>
          <splType>rstring</splType>
        </attribute>
        <attribute>
          <name>readingSource</name>
          <cppType>SPL::BeJwrMS42ykwpNjQozi8tSk4NqSxILbZISS3LTE71TAEAoHUKDp</cppType>
          <splType>tuple&lt;rstring id,rstring sourceType,rstring deviceId&gt;</splType>
        </attribute>
        <attribute>
          <name>reading</name>
          <cppType>SPL::BeJwrMfE0KikuMSo2K64sLknNLTZJzk9JNTQsSk1MycxLD6ksSHUzLUvMKU0tNi7NzwUAoG8RCu</cppType>
          <splType>tuple&lt;int64 ts,tuple&lt;rstring system,rstring code&gt; readingType,float64 value,rstring uom&gt;</splType>
        </attribute>
      </attributes>
      <tuple>
        <tt:attr name="device">
          <tt:tuple>
            <tt:attr name="id" type="rstring"/>
            <tt:attr name="locationId" type="rstring"/>
          </tt:tuple>
        </tt:attr>
        <tt:attr name="patientId" type="rstring"/>
        <tt:attr name="readingSource">
          <tt:tuple>
            <tt:attr name="id" type="rstring"/>
            <tt:attr name="sourceType" type="rstring"/>
            <tt:attr name="deviceId" type="rstring"/>
          </tt:tuple>
        </tt:attr>
        <tt:attr name="reading">
          <tt:tuple>
            <tt:attr name="ts" type="int64"/>
            <tt:attr name="readingType">
              <tt:tuple>
                <tt:attr name="system" type="rstring"/>
                <tt:attr name="code" type="rstring"/>
              </tt:tuple>
            </tt:attr>
            <tt:attr name="value" type="float64"/>
            <tt:attr name="uom" type="rstring"/>
          </tt:tuple>
        </tt:attr>
      </tuple>
    </inputPort>
  </inputPorts>

  <outputPorts>
    <outputPort>
      <index>0</index>
      <tupleCppName>oport$0</tupleCppName>
      <tupleCppType>SPL::BeJwtjFsOwjAMBK9EHhS4AFK_04QIhtlCkNo66TtXentLmd3Zm1apXC5sJ5jJKipqlBBqIl5wYj7oDLhpIXZcgbU783irjflqBjJs5Ui7f1zGqD1ax3w7YoDzBJyE2pkv_19nld4tgYrsl069zJZ4WrmX46njfp</tupleCppType>
      <tupleSPLType>tuple&lt;tuple&lt;tuple&lt;rstring id,rstring locationId&gt; device,rstring patientId,tuple&lt;rstring id,rstring sourceType,rstring deviceId&gt; readingSource,tuple&lt;int64 ts,tuple&lt;rstring system,rstring code&gt; readingType,float64 value,rstring uom&gt; reading&gt; obx,rstring pid&gt;</tupleSPLType>
      <facade>false</facade>
      <mutationAllowed>true</mutationAllowed>
      <sourceLocation>
        <file>com.ibm.streamsx.health.analyze.vital/VitalRangeCheckService.spl</file>
        <line>131</line>
        <column>4</column>
      </sourceLocation>
      <attributes>
        <attribute>
          <name>obx</name>
          <cppType>SPL::BeJwtjFsOgzAMBK_1UPID2ApXyTS8QxRaKBDFiHSRuD4X8zs6serWwmWBes6SoWUqgnnjPifFZL8BFA6lrEqRuiX_1Hyng_1ViDjNo6UyzTeo_1pgFddtjwPKC3wSYmOa9G_0_13R7nynBVlqHxE_1atDPk</cppType>
          <splType>tuple&lt;tuple&lt;rstring id,rstring locationId&gt; device,rstring patientId,tuple&lt;rstring id,rstring sourceType,rstring deviceId&gt; readingSource,tuple&lt;int64 ts,tuple&lt;rstring system,rstring code&gt; readingType,float64 value,rstring uom&gt; reading&gt;</splType>
          <assignment>
            <sourceLocation>
              <file>com.ibm.streamsx.health.analyze.vital/VitalRangeCheckService.spl</file>
              <line>135</line>
              <column>22</column>
            </sourceLocation>
            <values>
              <value>
                <cppType>SPL::BeJwtjFsOgzAMBK_1UPID2ApXyTS8QxRaKBDFiHSRuD4X8zs6serWwmWBes6SoWUqgnnjPifFZL8BFA6lrEqRuiX_1Hyng_1ViDjNo6UyzTeo_1pgFddtjwPKC3wSYmOa9G_0_13R7nynBVlqHxE_1atDPk</cppType>
                <splType>tuple&lt;tuple&lt;rstring id,rstring locationId&gt; device,rstring patientId,tuple&lt;rstring id,rstring sourceType,rstring deviceId&gt; readingSource,tuple&lt;int64 ts,tuple&lt;rstring system,rstring code&gt; readingType,float64 value,rstring uom&gt; reading&gt;</splType>
                <hasRuntimeConstant>false</hasRuntimeConstant>
                <cppExpression>iport$0</cppExpression>
                <splExpression>Readings</splExpression>
                <hasFunctions>false</hasFunctions>
                <hasSideEffects>false</hasSideEffects>
                <readsState>false</readsState>
                <hasStreamAttributes>true</hasStreamAttributes>
                <sourceLocation>
                  <file>com.ibm.streamsx.health.analyze.vital/VitalRangeCheckService.spl</file>
                  <line>135</line>
                  <column>28</column>
                </sourceLocation>
              </value>
            </values>
          </assignment>
        </attribute>
        <attribute>
          <name>pid</name>
          <cppType>SPL::rstring</cppType>
          <splType>rstring</splType>
          <assignment>
            <sourceLocation>
              <file>com.ibm.streamsx.health.analyze.vital/VitalRangeCheckService.spl</file>
              <line>135</line>
              <column>38</column>
            </sourceLocation>
            <values>
              <value>
                <cppType>SPL::rstring</cppType>
                <splType>rstring</splType>
                <hasRuntimeConstant>false</hasRuntimeConstant>
                <cppExpression>iport$0.get_patientId()</cppExpression>
                <splExpression>Readings.patientId</splExpression>
                <hasFunctions>false</hasFunctions>
                <hasSideEffects>false</hasSideEffects>
                <readsState>false</readsState>
                <hasStreamAttributes>true</hasStreamAttributes>
                <sourceLocation>
                  <file>com.ibm.streamsx.health.analyze.vital/VitalRangeCheckService.spl</file>
                  <line>135</line>
                  <column>44</column>
                </sourceLocation>
              </value>
            </values>
          </assignment>
        </attribute>
      </attributes>
      <tuple>
        <tt:attr name="obx">
          <tt:tuple>
            <tt:attr name="device">
              <tt:tuple>
                <tt:attr name="id" type="rstring"/>
                <tt:attr name="locationId" type="rstring"/>
              </tt:tuple>
            </tt:attr>
            <tt:attr name="patientId" type="rstring"/>
            <tt:attr name="readingSource">
              <tt:tuple>
                <tt:attr name="id" type="rstring"/>
                <tt:attr name="sourceType" type="rstring"/>
                <tt:attr name="deviceId" type="rstring"/>
              </tt:tuple>
            </tt:attr>
            <tt:attr name="reading">
              <tt:tuple>
                <tt:attr name="ts" type="int64"/>
                <tt:attr name="readingType">
                  <tt:tuple>
                    <tt:attr name="system" type="rstring"/>
                    <tt:attr name="code" type="rstring"/>
                  </tt:tuple>
                </tt:attr>
                <tt:attr name="value" type="float64"/>
                <tt:attr name="uom" type="rstring"/>
              </tt:tuple>
            </tt:attr>
          </tt:tuple>
        </tt:attr>
        <tt:attr name="pid" type="rstring"/>
      </tuple>
      <finalPunctuationPortScope>
        <port>0</port>
      </finalPunctuationPortScope>
    </outputPort>
  </outputPorts>

</operatorInstanceModel>
