<?xml version="1.0" encoding="UTF-8"?><operatorModel xmlns="http://www.ibm.com/xmlns/prod/streams/spl/operator" xmlns:cmn="http://www.ibm.com/xmlns/prod/streams/spl/common" xmlns:xsi="http://www.w3.org/2001/XMLSchema-instance" xsi:schemaLocation="http://www.ibm.com/xmlns/prod/streams/spl/operator operatorModel.xsd">
  <!--DO NOT EDIT THIS FILE - it is machine generated-->
  <javaOperatorModel>
    <!--Generated from com.ibm.streamsx.inet.rest.ops.TupleView in impl/lib/com.ibm.streamsx.inet.jar at Thu Jan 05 07:30:13 EST 2017-->
    <context>
      <description>REST HTTP or HTTPS API to view tuples from windowed input ports.
Embeds a Jetty web server to provide HTTP REST access to the collection of tuples in the input port window at the time of the last eviction for tumbling windows, or last trigger for sliding windows.
The URLs defined by this operator are:
* *prefix*`/ports/input/`*port index*`/tuples` - Returns the set of tuples as a array of the tuples in JSON format (content type `application/json`).
* *prefix*`/ports/input/`*port index*`/info` - Output port meta-data including the stream attribute names and types (content type `application/json`).

The *prefix* for the URLs is:
* *context path*`/`*base operator name* - When the `context` parameter is set.
* *full operator name* - When the `context` parameter is **not** set.

The `/tuples` URL accepts these optional query parameters:
* `partition` – When the window is partitioned defines the partition to be extracted from the window. When partitionKey contains multiple attributes, partition must contain the same number of values as attributes and in the same order, e.g. `?partition=John&amp;partition=Smith`. would match the SPL partitionKey setting of: `partitionKey: “firstName”, “lastName”;`. When a window is partitioned and no partition query parameter is provided the data for all partitions is returned.
* `attribute` – Restricts the returned data to the named attributes. Data is returned in the order the attribute names are provided. When not provided, all attributes in the input tuples are returned. E.g. `?format=json&amp;attribute=lastName&amp;attribute=city` will return only the `lastName` and `city` attributes in that order with `lastName` first.
* `suppress` – Suppresses the named attributes from the output. When not provided, no attributes are suppressed. suppress is applied after applying the query parameter attribute. E.g. `?suppress=firstName&amp;suppress=lastName` will not include lastName or firstName in the returned data.
* `callback` – Wrappers the returned JSON in a call to callbackvalue(...json...); to enable JSONP processing.
Query parameters are ignored if the input port's schema is `tuple&lt;rstring jsonString&gt;`.

The fixed URL `/ports/info` returns meta-data (using JSON) about all of the Streams ports that have associated URLs.

Tuples are converted to JSON using the `JSONEncoding` support from the Streams Java Operator API,
except for: 
* If the input port's schema is `tuple&lt;rstring jsonString&gt;` then value is taken as is serialized JSON  and the resultant JSON is returned as the tuple's JSON value.
* Within a tuple any attribute that is `rstring jsonString`, then the value is taken as serialized JSON and it is placed into the tuple's JSON object as its deserialized JSON with key `jsonString`.

`HTTPTupleView`, [HTTPTupleInjection], [HTTPXMLInjection] and [WebContext] embed a Jetty webserver and all operator invocations in an SPL application that are co-located/fused in same partition (PE) will share a common Jetty instance. Thus by fusing these operators together with a common port value, a single web-server serving a single SPL application can be created. This sharing of the web-server by fusing multiple operators allows the operators to be logically connected in the SPL graph, rather than a single operator with multiple unrelated streams being connected to it.

Static content in the sub-directory `html` of the application's `opt` directory will also be served by the embedded web-server, thus allowing a complete web-application with live data to be served by an SPL application. The default URL for the web-server resolves to `{application_dir}/opt/html/index.html`.

Operators that support the `context` and `contextResourceBase` SPL parameters will serve static files from the `contextResourceBase` directory rooted at the supplied context path.

**Limitations**:
* Error handling is limited, incorrect URLs can crash the application, e.g. providing the wrong number of partition values.
* By default no security access is provided to the data, HTTPS must be explicitly configured.
</description>
      <iconUri size="16">HTTPTupleView_16.gif</iconUri>
      <iconUri size="32">HTTPTupleView_32.gif</iconUri>
      <metrics>
        <metric>
          <name>https</name>
          <description>Jetty SSL/TLS status: 0=HTTP, 1=HTTPS</description>
          <kind>Gauge</kind>
        </metric>
        <metric>
          <name>serverPort</name>
          <description>Jetty (HTTP/HTTPS) server port</description>
          <kind>Gauge</kind>
        </metric>
      </metrics>
      <executionSettings>
        <className>com.ibm.streamsx.inet.rest.ops.TupleView</className>
      </executionSettings>
      <libraryDependencies>
        <library>
          <cmn:description>Operator class library</cmn:description>
          <cmn:managedLibrary>
            <cmn:libPath>../../impl/lib/com.ibm.streamsx.inet.jar</cmn:libPath>
          </cmn:managedLibrary>
        </library>
      </libraryDependencies>
    </context>
    <parameters>
      <parameter>
        <name>certificateAlias</name>
        <description>Alias of the certificate to use in the key store. When this parameter is set all connections use HTTPS.</description>
        <optional>true</optional>
        <type>rstring</type>
        <cardinality>1</cardinality>
      </parameter>
      <parameter>
        <name>context</name>
        <description>Define a URL context path that maps to the resources defined by`contextResourceBase`. This allows a composite that invokes this operator in a toolkit to provide resources regardless of the value of the application's data directory. For example setting it to *maps* would result in the URL */maps/index.html* mapping to the file *index.html* in the directory defined by `contextResourceBase`. Requires the parameter `contextResourceBase` to be set. If when the operator is initialized the context already exists then no action is taken. This allows multiple independent composites in the same toolkit to have common `context` and `contextResourceBase` settings, typically to point to a single set of HTML and Javascript resources for the toolkit.

If the operator provides URLs for its input or output ports then they are placed in the this context when this parameter is set. This then provides fixed locations for the URLs regardless of the depth of the operator invocation in the main composite.

Only a single context per invocation is supported.</description>
        <optional>true</optional>
        <type>rstring</type>
        <cardinality>1</cardinality>
      </parameter>
      <parameter>
        <name>contextResourceBase</name>
        <description>Directory location of resources that will be available through the the URL context defined by the parameter `context`. Typically used to allow a toolkit to provide a set of resources in a fixed location. The set of resources is recommended to be stored in the application_dir/opt directory, which is automatically included in the bundle by default. Path of this directory can be absolute or relative, if relative path is specified then it is relative to the application directory. A set of default resources is included in the toolkit directory under ToolkitDir/opt/resources and will be loaded by the operator. This default resources can be viewed at `http://hostname:8080/streamsx.inet.resources`. A path within the application is obtained using the SPL function `getThisToolkitDir()`. Thus a composite in the file *maps.spl* in the namespace directory `com.acme.streams.apps.map` might have the following setting to map `http://127.0.0.1:8080/maps` to `opt/resources/mapinfo` in the application.

    param
      context: “maps”
      contextResourceBase: getThisToolkitDir() + “/opt/resources/mapinfo”
</description>
        <optional>true</optional>
        <type>rstring</type>
        <cardinality>1</cardinality>
      </parameter>
      <parameter>
        <name>headers</name>
        <description>List of headers to insert into the http reply. Formatted as header:value</description>
        <optional>true</optional>
        <type>rstring</type>
        <cardinality>-1</cardinality>
      </parameter>
      <parameter>
        <name>keyPassword</name>
        <description>Password to the certificate. If not provided, defaults to the value of `keyStorePassword`.</description>
        <optional>true</optional>
        <type>rstring</type>
        <cardinality>1</cardinality>
      </parameter>
      <parameter>
        <name>keyStore</name>
        <description>URL to the key store containing the certificate. If a relative file path then it is taken as relative to the application directory.</description>
        <optional>true</optional>
        <type>rstring</type>
        <cardinality>1</cardinality>
      </parameter>
      <parameter>
        <name>keyStorePassword</name>
        <description>Password to the key store.</description>
        <optional>true</optional>
        <type>rstring</type>
        <cardinality>1</cardinality>
      </parameter>
      <parameter>
        <name>partitionKey</name>
        <description>Names of attributes to partition the window by</description>
        <optional>true</optional>
        <type>rstring</type>
        <cardinality>-1</cardinality>
      </parameter>
      <parameter>
        <name>port</name>
        <description>Port number for the embedded Jetty HTTP server. Defaults to 8080.</description>
        <optional>true</optional>
        <type>int32</type>
        <cardinality>1</cardinality>
      </parameter>
      <parameter>
        <name>trustStore</name>
        <description>URL to the trust store containing client certificates. If a relative file path then it is taken as relative to the application directory. When this parameter is set, client authentication is required.</description>
        <optional>true</optional>
        <type>rstring</type>
        <cardinality>1</cardinality>
      </parameter>
      <parameter>
        <name>trustStorePassword</name>
        <description>Password to the trust store.</description>
        <optional>true</optional>
        <type>rstring</type>
        <cardinality>1</cardinality>
      </parameter>
    </parameters>
    <inputPorts>
      <inputPortSet>
        <description>Windowed input port whose tuples will be available using a HTTP GET request with a URL using port index 0.</description>
        <windowingDescription/>
        <windowingMode>Windowed</windowingMode>
        <windowPunctuationInputMode>WindowBound</windowPunctuationInputMode>
        <controlPort>false</controlPort>
        <cardinality>1</cardinality>
        <optional>false</optional>
      </inputPortSet>
      <inputPortOpenSet>
        <description>Optional windowed input ports whose tuples will be available using a HTTP GET request a URL with the corresponding port index.</description>
        <windowingDescription/>
        <windowingMode>Windowed</windowingMode>
        <windowPunctuationInputMode>WindowBound</windowPunctuationInputMode>
        <controlPort>false</controlPort>
      </inputPortOpenSet>
    </inputPorts>
    <outputPorts/>
  </javaOperatorModel>
</operatorModel>