<?xml version="1.0" encoding="UTF-8" standalone="no" ?>
<operatorInstanceModel xmlns="http://www.ibm.com/xmlns/prod/streams/spl/operator/instance" xmlns:an="http://www.ibm.com/xmlns/prod/streams/spl/annotation" xmlns:tt="http://www.ibm.com/xmlns/prod/streams/spl/tupleType" xmlns:xsi="http://www.w3.org/2001/XMLSchema-instance">

  <context>
    <kind>spl.utility::Custom</kind>
    <class>VitalsCheck_7::Custom_3</class>
    <operatorModelDirectory>/opt/ibm/InfoSphere_Streams/4.2.0.0/toolkits/spl/spl/utility/Custom</operatorModelDirectory>
    <applicationDirectory>/home/streamsadmin/git/streamsx.health/samples/PatientsMonitoringDemo/.toolkits/com.ibm.streamsx.health.analyze.vital</applicationDirectory>
    <dataDirectory>/home/streamsadmin/git/streamsx.health/samples/PatientsMonitoringDemo/.toolkits/com.ibm.streamsx.health.analyze.vital/data</dataDirectory>
    <outputDirectory>/home/streamsadmin/git/streamsx.health/samples/PatientsMonitoringDemo/.toolkits/com.ibm.streamsx.health.analyze.vital/output/com.ibm.streamsx.health.analyze.vital.VitalRangeCheckService/BuildConfig</outputDirectory>
    <toolkits>
      <toolkit isCurrentToolkit="false">
        <name>com.ibm.streamsx.health.analyze.vital</name>
        <rootDirectory>/home/streamsadmin/git/streamsx.health/samples/PatientsMonitoringDemo/.toolkits/com.ibm.streamsx.health.analyze.vital</rootDirectory>
        <index>0</index>
      </toolkit>
      <toolkit isCurrentToolkit="true">
        <name>spl</name>
        <rootDirectory>/opt/ibm/InfoSphere_Streams/4.2.0.0/toolkits/spl</rootDirectory>
        <index>1</index>
      </toolkit>
      <toolkit isCurrentToolkit="false">
        <name>com.ibm.streams.rulescompiler</name>
        <rootDirectory>/opt/ibm/InfoSphere_Streams/4.2.0.0/toolkits/com.ibm.streams.rulescompiler</rootDirectory>
        <index>2</index>
      </toolkit>
      <toolkit isCurrentToolkit="false">
        <name>com.ibm.streamsx.health.ingest</name>
        <rootDirectory>/home/streamsadmin/git/streamsx.health/ingest/common/com.ibm.streamsx.health.ingest</rootDirectory>
        <index>3</index>
      </toolkit>
      <toolkit isCurrentToolkit="false">
        <name>com.ibm.streamsx.json</name>
        <rootDirectory>/home/streamsadmin/git/streamsx.json/com.ibm.streamsx.json</rootDirectory>
        <index>4</index>
      </toolkit>
      <toolkit isCurrentToolkit="false">
        <name>com.ibm.streamsx.topology</name>
        <rootDirectory>/opt/ibm/InfoSphere_Streams/4.2.0.0/toolkits/com.ibm.streamsx.topology</rootDirectory>
        <index>5</index>
      </toolkit>
    </toolkits>
    <optimized>true</optimized>
    <verbose>false</verbose>
    <networkByteOrdering>false</networkByteOrdering>
    <codeBeautification>false</codeBeautification>
    <includes>
      <include>"../../function/com/ibm/streamsx/health/analyze/vital/newPatient.h"</include>
      <include>"../../function/com/ibm/streamsx/health/analyze/vital/populate.h"</include>
      <include>"../../type/BeJwli0sKAjEQBa9k6wgzywE3rhQ9gHSGF23Ij85T8PYG3FVBFYUidtAnwlETnCYS2sm0sybbTHah3b9_1icsL6rwpMdDXD3x8yeeM3gd1n4pm_0Oy15nOJ1abeLvsoQuQ2Yr4diz2uSkPhDxYpC6L.h"</include>
      <include>"../../type/BeJwli8EKwjAQBX_1JtRXqUfDiSdAv2MhLXUia8HYV_0vcGvM3ATIjYpCvSSQsYJpL61dSjFXuZHFJ_17n_1J5zeU8dDAQF6_04PgKlwr3Qc550woubK3ettxs9n4_1ZpFA7SOOD_1EDDpMqAQ.h"</include>
      <include>"../../type/BeJwrMS42ykwpNjQozi8tSk4NqSxILbZISS3LTE71TAEAoHUKDp.h"</include>
      <include>"../../type/BeJwrMSo2K64sLknNLTZJzk9JBQA0TgY3.h"</include>
      <include>"../../type/BeJwrMSo2ykwpNjTIyU9OLMnMz_1NMAQBDZwbz.h"</include>
      <include>"../../type/BeJwrMfE0KikuMSo2K64sLknNLTZJzk9JNTQsSk1MycxLD6ksSHUzLUvMKU0tNi7NzwUAoG8RCu.h"</include>
      <include>"../../type/BeJwtjFsOgzAMBK_1UPID2ApXyTS8QxRaKBDFiHSRuD4X8zs6serWwmWBes6SoWUqgnnjPifFZL8BFA6lrEqRuiX_1Hyng_1ViDjNo6UyzTeo_1pgFddtjwPKC3wSYmOa9G_0_13R7nynBVlqHxE_1atDPk.h"</include>
      <include>"../../type/BeJwtjFsOwjAMBK9EHhS4AFK_04QIhtlCkNo66TtXentLmd3Zm1apXC5sJ5jJKipqlBBqIl5wYj7oDLhpIXZcgbU783irjflqBjJs5Ui7f1zGqD1ax3w7YoDzBJyE2pkv_19nld4tgYrsl069zJZ4WrmX46njfp.h"</include>
    </includes>
    <stateVariables>
      <stateVariable>
        <name>state$patientMap</name>
        <cppType>SPL::map&lt;SPL::rstring, SPL::BeJwli8EKwjAQBX_1JtRXqUfDiSdAv2MhLXUia8HYV_0vcGvM3ATIjYpCvSSQsYJpL61dSjFXuZHFJ_17n_1J5zeU8dDAQF6_04PgKlwr3Qc550woubK3ettxs9n4_1ZpFA7SOOD_1EDDpMqAQ &gt;</cppType>
        <splType>map&lt;rstring,tuple&lt;int32 age,boolean alert,int32 bpDiastolic,int32 bpSystolic,float32 heartRate,float32 hrAverage,list&lt;ustring&gt; messages,ustring name,ustring roomInfo,int32 spO2,float32 temperature&gt;&gt;</splType>
        <value>
          <cppType>SPL::map&lt;SPL::rstring, SPL::BeJwli8EKwjAQBX_1JtRXqUfDiSdAv2MhLXUia8HYV_0vcGvM3ATIjYpCvSSQsYJpL61dSjFXuZHFJ_17n_1J5zeU8dDAQF6_04PgKlwr3Qc550woubK3ettxs9n4_1ZpFA7SOOD_1EDDpMqAQ &gt;</cppType>
          <splType>map&lt;rstring,tuple&lt;int32 age,boolean alert,int32 bpDiastolic,int32 bpSystolic,float32 heartRate,float32 hrAverage,list&lt;ustring&gt; messages,ustring name,ustring roomInfo,int32 spO2,float32 temperature&gt;&gt;</splType>
          <hasRuntimeConstant>true</hasRuntimeConstant>
          <cppExpression>lit$3</cppExpression>
          <splExpression>{}</splExpression>
          <hasFunctions>false</hasFunctions>
          <hasSideEffects>false</hasSideEffects>
          <readsState>false</readsState>
          <hasStreamAttributes>false</hasStreamAttributes>
          <sourceLocation>
            <file>com.ibm.streamsx.health.analyze.vital/VitalRangeCheckService.spl</file>
            <line>74</line>
            <column>49</column>
          </sourceLocation>
        </value>
        <sourceLocation>
          <file>com.ibm.streamsx.health.analyze.vital/VitalRangeCheckService.spl</file>
          <line>74</line>
          <column>36</column>
        </sourceLocation>
      </stateVariable>
    </stateVariables>
    <runtimeConstants>
      <runtimeConstant>
        <name>lit$0</name>
        <cppType>SPL::boolean</cppType>
        <splType>boolean</splType>
        <value>false</value>
      </runtimeConstant>
      <runtimeConstant>
        <name>lit$1</name>
        <cppType>SPL::uint32</cppType>
        <splType>uint32</splType>
        <value>0</value>
      </runtimeConstant>
      <runtimeConstant>
        <name>lit$2</name>
        <cppType>SPL::uint32</cppType>
        <splType>uint32</splType>
        <value>0</value>
      </runtimeConstant>
      <runtimeConstant>
        <name>lit$3</name>
        <cppType>SPL::map&lt;SPL::rstring, SPL::BeJwli8EKwjAQBX_1JtRXqUfDiSdAv2MhLXUia8HYV_0vcGvM3ATIjYpCvSSQsYJpL61dSjFXuZHFJ_17n_1J5zeU8dDAQF6_04PgKlwr3Qc550woubK3ettxs9n4_1ZpFA7SOOD_1EDDpMqAQ &gt;</cppType>
        <splType>map&lt;rstring,tuple&lt;int32 age,boolean alert,int32 bpDiastolic,int32 bpSystolic,float32 heartRate,float32 hrAverage,list&lt;ustring&gt; messages,ustring name,ustring roomInfo,int32 spO2,float32 temperature&gt;&gt;</splType>
        <value>{}</value>
      </runtimeConstant>
    </runtimeConstants>
    <sourceLocation>
      <file>com.ibm.streamsx.health.analyze.vital/VitalRangeCheckService.spl</file>
      <line>68</line>
      <column>3</column>
    </sourceLocation>
    <productVersion>4.2.0.0</productVersion>
    <checkpointKind>none</checkpointKind>
  </context>

  <parameters/>

  <inputPorts>
    <inputPort>
      <index>0</index>
      <tupleCppName>iport$0</tupleCppName>
      <tupleCppType>SPL::BeJwtjFsOwjAMBK9EHhS4AFK_04QIhtlCkNo66TtXentLmd3Zm1apXC5sJ5jJKipqlBBqIl5wYj7oDLhpIXZcgbU783irjflqBjJs5Ui7f1zGqD1ax3w7YoDzBJyE2pkv_19nld4tgYrsl069zJZ4WrmX46njfp</tupleCppType>
      <tupleSPLType>tuple&lt;tuple&lt;tuple&lt;rstring id,rstring locationId&gt; device,rstring patientId,tuple&lt;rstring id,rstring sourceType,rstring deviceId&gt; readingSource,tuple&lt;int64 ts,tuple&lt;rstring system,rstring code&gt; readingType,float64 value,rstring uom&gt; reading&gt; obx,rstring pid&gt;</tupleSPLType>
      <facade>false</facade>
      <mutationAllowed>true</mutationAllowed>
      <sourceLocation>
        <file>com.ibm.streamsx.health.analyze.vital/VitalRangeCheckService.spl</file>
        <line>68</line>
        <column>66</column>
      </sourceLocation>
      <tupleLogic>{
    const SPL::rstring id$patientId = iport$0.get_obx().get_patientId();
    if ((::SPL::Functions::Collections::has(state$patientMap, id$patientId) == lit$0)) 
        {
            SPL::BeJwli8EKwjAQBX_1JtRXqUfDiSdAv2MhLXUia8HYV_0vcGvM3ATIjYpCvSSQsYJpL61dSjFXuZHFJ_17n_1J5zeU8dDAQF6_04PgKlwr3Qc550woubK3ettxs9n4_1ZpFA7SOOD_1EDDpMqAQ id$p(::com::ibm::streamsx::health::analyze::vital::newPatient());
            id$p.get_name() = ::SPL::spl_cast&lt;SPL::ustring, SPL::rstring &gt;::cast(id$patientId);
            ::com::ibm::streamsx::health::analyze::vital::populate(id$p, iport$0.get_obx());
            ::SPL::Functions::Collections::insertM(state$patientMap, id$patientId, id$p);
            do { SPL::BeJwli0sKAjEQBa9k6wgzywE3rhQ9gHSGF23Ij85T8PYG3FVBFYUidtAnwlETnCYS2sm0sybbTHah3b9_1icsL6rwpMdDXD3x8yeeM3gd1n4pm_0Oy15nOJ1abeLvsoQuQ2Yr4diz2uSkPhDxYpC6L temp = SPL::BeJwli0sKAjEQBa9k6wgzywE3rhQ9gHSGF23Ij85T8PYG3FVBFYUidtAnwlETnCYS2sm0sybbTHah3b9_1icsL6rwpMdDXD3x8yeeM3gd1n4pm_0Oy15nOJ1abeLvsoQuQ2Yr4diz2uSkPhDxYpC6L(id$p); submit (temp, lit$1); } while(0);
        }
    else
        {
            SPL::BeJwli8EKwjAQBX_1JtRXqUfDiSdAv2MhLXUia8HYV_0vcGvM3ATIjYpCvSSQsYJpL61dSjFXuZHFJ_17n_1J5zeU8dDAQF6_04PgKlwr3Qc550woubK3ettxs9n4_1ZpFA7SOOD_1EDDpMqAQ id$p(state$patientMap.at(id$patientId));
            ::com::ibm::streamsx::health::analyze::vital::populate(id$p, iport$0.get_obx());
            ::SPL::Functions::Collections::insertM(state$patientMap, id$patientId, id$p);
            do { SPL::BeJwli0sKAjEQBa9k6wgzywE3rhQ9gHSGF23Ij85T8PYG3FVBFYUidtAnwlETnCYS2sm0sybbTHah3b9_1icsL6rwpMdDXD3x8yeeM3gd1n4pm_0Oy15nOJ1abeLvsoQuQ2Yr4diz2uSkPhDxYpC6L temp = SPL::BeJwli0sKAjEQBa9k6wgzywE3rhQ9gHSGF23Ij85T8PYG3FVBFYUidtAnwlETnCYS2sm0sybbTHah3b9_1icsL6rwpMdDXD3x8yeeM3gd1n4pm_0Oy15nOJ1abeLvsoQuQ2Yr4diz2uSkPhDxYpC6L(id$p); submit (temp, lit$2); } while(0);
        }
}
</tupleLogic>
      <attributes>
        <attribute>
          <name>obx</name>
          <cppType>SPL::BeJwtjFsOgzAMBK_1UPID2ApXyTS8QxRaKBDFiHSRuD4X8zs6serWwmWBes6SoWUqgnnjPifFZL8BFA6lrEqRuiX_1Hyng_1ViDjNo6UyzTeo_1pgFddtjwPKC3wSYmOa9G_0_13R7nynBVlqHxE_1atDPk</cppType>
          <splType>tuple&lt;tuple&lt;rstring id,rstring locationId&gt; device,rstring patientId,tuple&lt;rstring id,rstring sourceType,rstring deviceId&gt; readingSource,tuple&lt;int64 ts,tuple&lt;rstring system,rstring code&gt; readingType,float64 value,rstring uom&gt; reading&gt;</splType>
        </attribute>
        <attribute>
          <name>pid</name>
          <cppType>SPL::rstring</cppType>
          <splType>rstring</splType>
        </attribute>
      </attributes>
      <tuple>
        <tt:attr name="obx">
          <tt:tuple>
            <tt:attr name="device">
              <tt:tuple>
                <tt:attr name="id" type="rstring"/>
                <tt:attr name="locationId" type="rstring"/>
              </tt:tuple>
            </tt:attr>
            <tt:attr name="patientId" type="rstring"/>
            <tt:attr name="readingSource">
              <tt:tuple>
                <tt:attr name="id" type="rstring"/>
                <tt:attr name="sourceType" type="rstring"/>
                <tt:attr name="deviceId" type="rstring"/>
              </tt:tuple>
            </tt:attr>
            <tt:attr name="reading">
              <tt:tuple>
                <tt:attr name="ts" type="int64"/>
                <tt:attr name="readingType">
                  <tt:tuple>
                    <tt:attr name="system" type="rstring"/>
                    <tt:attr name="code" type="rstring"/>
                  </tt:tuple>
                </tt:attr>
                <tt:attr name="value" type="float64"/>
                <tt:attr name="uom" type="rstring"/>
              </tt:tuple>
            </tt:attr>
          </tt:tuple>
        </tt:attr>
        <tt:attr name="pid" type="rstring"/>
      </tuple>
    </inputPort>
  </inputPorts>

  <outputPorts>
    <outputPort>
      <index>0</index>
      <tupleCppName>oport$0</tupleCppName>
      <tupleCppType>SPL::BeJwli0sKAjEQBa9k6wgzywE3rhQ9gHSGF23Ij85T8PYG3FVBFYUidtAnwlETnCYS2sm0sybbTHah3b9_1icsL6rwpMdDXD3x8yeeM3gd1n4pm_0Oy15nOJ1abeLvsoQuQ2Yr4diz2uSkPhDxYpC6L</tupleCppType>
      <tupleSPLType>tuple&lt;tuple&lt;int32 age,boolean alert,int32 bpDiastolic,int32 bpSystolic,float32 heartRate,float32 hrAverage,list&lt;ustring&gt; messages,ustring name,ustring roomInfo,int32 spO2,float32 temperature&gt; i_Patient&gt;</tupleSPLType>
      <facade>false</facade>
      <mutationAllowed>true</mutationAllowed>
      <sourceLocation>
        <file>com.ibm.streamsx.health.analyze.vital/VitalRangeCheckService.spl</file>
        <line>68</line>
        <column>4</column>
      </sourceLocation>
      <attributes>
        <attribute>
          <name>i_Patient</name>
          <cppType>SPL::BeJwli8EKwjAQBX_1JtRXqUfDiSdAv2MhLXUia8HYV_0vcGvM3ATIjYpCvSSQsYJpL61dSjFXuZHFJ_17n_1J5zeU8dDAQF6_04PgKlwr3Qc550woubK3ettxs9n4_1ZpFA7SOOD_1EDDpMqAQ</cppType>
          <splType>tuple&lt;int32 age,boolean alert,int32 bpDiastolic,int32 bpSystolic,float32 heartRate,float32 hrAverage,list&lt;ustring&gt; messages,ustring name,ustring roomInfo,int32 spO2,float32 temperature&gt;</splType>
        </attribute>
      </attributes>
      <tuple>
        <tt:attr name="i_Patient">
          <tt:tuple>
            <tt:attr name="age" type="int32"/>
            <tt:attr name="alert" type="boolean"/>
            <tt:attr name="bpDiastolic" type="int32"/>
            <tt:attr name="bpSystolic" type="int32"/>
            <tt:attr name="heartRate" type="float32"/>
            <tt:attr name="hrAverage" type="float32"/>
            <tt:attr name="messages">
              <tt:list elementType="ustring"/>
            </tt:attr>
            <tt:attr name="name" type="ustring"/>
            <tt:attr name="roomInfo" type="ustring"/>
            <tt:attr name="spO2" type="int32"/>
            <tt:attr name="temperature" type="float32"/>
          </tt:tuple>
        </tt:attr>
      </tuple>
      <finalPunctuationPortScope>
        <port>0</port>
      </finalPunctuationPortScope>
    </outputPort>
  </outputPorts>

</operatorInstanceModel>
