<?xml version="1.0" encoding="UTF-8" standalone="no" ?>
<operatorInstanceModel xmlns="http://www.ibm.com/xmlns/prod/streams/spl/operator/instance" xmlns:an="http://www.ibm.com/xmlns/prod/streams/spl/annotation" xmlns:tt="http://www.ibm.com/xmlns/prod/streams/spl/tupleType" xmlns:xsi="http://www.w3.org/2001/XMLSchema-instance">

  <context>
    <kind>spl.relational::Functor</kind>
    <class>VitalsCheck_7::Functor_5</class>
    <operatorModelDirectory>/opt/ibm/InfoSphere_Streams/4.2.0.0/toolkits/spl/spl/relational/Functor</operatorModelDirectory>
    <applicationDirectory>/home/streamsadmin/git/streamsx.health/samples/PatientsMonitoringDemo/.toolkits/com.ibm.streamsx.health.analyze.vital</applicationDirectory>
    <dataDirectory>/home/streamsadmin/git/streamsx.health/samples/PatientsMonitoringDemo/.toolkits/com.ibm.streamsx.health.analyze.vital/data</dataDirectory>
    <outputDirectory>/home/streamsadmin/git/streamsx.health/samples/PatientsMonitoringDemo/.toolkits/com.ibm.streamsx.health.analyze.vital/output/com.ibm.streamsx.health.analyze.vital.VitalRangeCheckService/BuildConfig</outputDirectory>
    <toolkits>
      <toolkit isCurrentToolkit="false">
        <name>com.ibm.streamsx.health.analyze.vital</name>
        <rootDirectory>/home/streamsadmin/git/streamsx.health/samples/PatientsMonitoringDemo/.toolkits/com.ibm.streamsx.health.analyze.vital</rootDirectory>
        <index>0</index>
      </toolkit>
      <toolkit isCurrentToolkit="true">
        <name>spl</name>
        <rootDirectory>/opt/ibm/InfoSphere_Streams/4.2.0.0/toolkits/spl</rootDirectory>
        <index>1</index>
      </toolkit>
      <toolkit isCurrentToolkit="false">
        <name>com.ibm.streams.rulescompiler</name>
        <rootDirectory>/opt/ibm/InfoSphere_Streams/4.2.0.0/toolkits/com.ibm.streams.rulescompiler</rootDirectory>
        <index>2</index>
      </toolkit>
      <toolkit isCurrentToolkit="false">
        <name>com.ibm.streamsx.health.ingest</name>
        <rootDirectory>/home/streamsadmin/git/streamsx.health/ingest/common/com.ibm.streamsx.health.ingest</rootDirectory>
        <index>3</index>
      </toolkit>
      <toolkit isCurrentToolkit="false">
        <name>com.ibm.streamsx.json</name>
        <rootDirectory>/home/streamsadmin/git/streamsx.json/com.ibm.streamsx.json</rootDirectory>
        <index>4</index>
      </toolkit>
      <toolkit isCurrentToolkit="false">
        <name>com.ibm.streamsx.topology</name>
        <rootDirectory>/opt/ibm/InfoSphere_Streams/4.2.0.0/toolkits/com.ibm.streamsx.topology</rootDirectory>
        <index>5</index>
      </toolkit>
    </toolkits>
    <optimized>true</optimized>
    <verbose>false</verbose>
    <networkByteOrdering>false</networkByteOrdering>
    <codeBeautification>false</codeBeautification>
    <includes>
      <include>"../../type/BeJwli8EKAjEMBX_1J6Aq7xwUvnhT9AEmXVw20TUmi4N9b8DYDM0FBJAd_0Ih25wEKIUj8Je2iRTWiX_0v37l7y8wBY3Dgy09QMbX7G5wn2Q29S4wmZTreeWVSbvl30mCtQ_04ngbFn1cOQQtfhZfC6R.h"</include>
      <include>"../../type/BeJwli8EKwjAQBX_1JtRXqUfDiSdAv2MhLXUia8HYV_0vcGvM3ATIjYpCvSSQsYJpL61dSjFXuZHFJ_17n_1J5zeU8dDAQF6_04PgKlwr3Qc550woubK3ettxs9n4_1ZpFA7SOOD_1EDDpMqAQ.h"</include>
      <include>"../../type/BeJwrMS6yLEgsyUzNK_1FMSTJNzEktKskpsshNLS5OTE8tBgC8_0wwS.h"</include>
    </includes>
    <stateVariables/>
    <runtimeConstants/>
    <sourceLocation>
      <file>com.ibm.streamsx.health.analyze.vital/VitalRangeCheckService.spl</file>
      <line>106</line>
      <column>3</column>
    </sourceLocation>
    <productVersion>4.2.0.0</productVersion>
    <checkpointKind>none</checkpointKind>
  </context>

  <parameters/>

  <inputPorts>
    <inputPort>
      <index>0</index>
      <tupleCppName>iport$0</tupleCppName>
      <tupleCppType>SPL::BeJwli8EKAjEMBX_1J6Aq7xwUvnhT9AEmXVw20TUmi4N9b8DYDM0FBJAd_0Ih25wEKIUj8Je2iRTWiX_0v37l7y8wBY3Dgy09QMbX7G5wn2Q29S4wmZTreeWVSbvl30mCtQ_04ngbFn1cOQQtfhZfC6R</tupleCppType>
      <tupleSPLType>tuple&lt;tuple&lt;int32 age,boolean alert,int32 bpDiastolic,int32 bpSystolic,float32 heartRate,float32 hrAverage,list&lt;ustring&gt; messages,ustring name,ustring roomInfo,int32 spO2,float32 temperature&gt; o_Patient&gt;</tupleSPLType>
      <facade>false</facade>
      <mutationAllowed>false</mutationAllowed>
      <sourceLocation>
        <file>com.ibm.streamsx.health.analyze.vital/VitalRangeCheckService.spl</file>
        <line>107</line>
        <column>24</column>
      </sourceLocation>
      <attributes>
        <attribute>
          <name>o_Patient</name>
          <cppType>SPL::BeJwli8EKwjAQBX_1JtRXqUfDiSdAv2MhLXUia8HYV_0vcGvM3ATIjYpCvSSQsYJpL61dSjFXuZHFJ_17n_1J5zeU8dDAQF6_04PgKlwr3Qc550woubK3ettxs9n4_1ZpFA7SOOD_1EDDpMqAQ</cppType>
          <splType>tuple&lt;int32 age,boolean alert,int32 bpDiastolic,int32 bpSystolic,float32 heartRate,float32 hrAverage,list&lt;ustring&gt; messages,ustring name,ustring roomInfo,int32 spO2,float32 temperature&gt;</splType>
        </attribute>
      </attributes>
      <tuple>
        <tt:attr name="o_Patient">
          <tt:tuple>
            <tt:attr name="age" type="int32"/>
            <tt:attr name="alert" type="boolean"/>
            <tt:attr name="bpDiastolic" type="int32"/>
            <tt:attr name="bpSystolic" type="int32"/>
            <tt:attr name="heartRate" type="float32"/>
            <tt:attr name="hrAverage" type="float32"/>
            <tt:attr name="messages">
              <tt:list elementType="ustring"/>
            </tt:attr>
            <tt:attr name="name" type="ustring"/>
            <tt:attr name="roomInfo" type="ustring"/>
            <tt:attr name="spO2" type="int32"/>
            <tt:attr name="temperature" type="float32"/>
          </tt:tuple>
        </tt:attr>
      </tuple>
    </inputPort>
  </inputPorts>

  <outputPorts>
    <outputPort>
      <index>0</index>
      <tupleCppName>oport$0</tupleCppName>
      <tupleCppType>SPL::BeJwrMS6yLEgsyUzNK_1FMSTJNzEktKskpsshNLS5OTE8tBgC8_0wwS</tupleCppType>
      <tupleSPLType>tuple&lt;ustring patientId,boolean alert,list&lt;ustring&gt; messages&gt;</tupleSPLType>
      <facade>false</facade>
      <mutationAllowed>true</mutationAllowed>
      <sourceLocation>
        <file>com.ibm.streamsx.health.analyze.vital/VitalRangeCheckService.spl</file>
        <line>106</line>
        <column>4</column>
      </sourceLocation>
      <attributes>
        <attribute>
          <name>patientId</name>
          <cppType>SPL::ustring</cppType>
          <splType>ustring</splType>
          <assignment>
            <sourceLocation>
              <file>com.ibm.streamsx.health.analyze.vital/VitalRangeCheckService.spl</file>
              <line>110</line>
              <column>12</column>
            </sourceLocation>
            <values>
              <value>
                <cppType>SPL::ustring</cppType>
                <splType>ustring</splType>
                <hasRuntimeConstant>false</hasRuntimeConstant>
                <cppExpression>iport$0.get_o_Patient().get_name()</cppExpression>
                <splExpression>VitalsCheck_7.HealthRules_2_out0.o_Patient.name</splExpression>
                <hasFunctions>false</hasFunctions>
                <hasSideEffects>false</hasSideEffects>
                <readsState>false</readsState>
                <hasStreamAttributes>true</hasStreamAttributes>
                <sourceLocation>
                  <file>com.ibm.streamsx.health.analyze.vital/VitalRangeCheckService.spl</file>
                  <line>110</line>
                  <column>24</column>
                </sourceLocation>
              </value>
            </values>
          </assignment>
        </attribute>
        <attribute>
          <name>alert</name>
          <cppType>SPL::boolean</cppType>
          <splType>boolean</splType>
          <assignment>
            <sourceLocation>
              <file>com.ibm.streamsx.health.analyze.vital/VitalRangeCheckService.spl</file>
              <line>110</line>
              <column>59</column>
            </sourceLocation>
            <values>
              <value>
                <cppType>SPL::boolean</cppType>
                <splType>boolean</splType>
                <hasRuntimeConstant>false</hasRuntimeConstant>
                <cppExpression>iport$0.get_o_Patient().get_alert()</cppExpression>
                <splExpression>VitalsCheck_7.HealthRules_2_out0.o_Patient.alert</splExpression>
                <hasFunctions>false</hasFunctions>
                <hasSideEffects>false</hasSideEffects>
                <readsState>false</readsState>
                <hasStreamAttributes>true</hasStreamAttributes>
                <sourceLocation>
                  <file>com.ibm.streamsx.health.analyze.vital/VitalRangeCheckService.spl</file>
                  <line>111</line>
                  <column>6</column>
                </sourceLocation>
              </value>
            </values>
          </assignment>
        </attribute>
        <attribute>
          <name>messages</name>
          <cppType>SPL::list&lt;SPL::ustring &gt;</cppType>
          <splType>list&lt;ustring&gt;</splType>
          <assignment>
            <sourceLocation>
              <file>com.ibm.streamsx.health.analyze.vital/VitalRangeCheckService.spl</file>
              <line>111</line>
              <column>42</column>
            </sourceLocation>
            <values>
              <value>
                <cppType>SPL::list&lt;SPL::ustring &gt;</cppType>
                <splType>list&lt;ustring&gt;</splType>
                <hasRuntimeConstant>false</hasRuntimeConstant>
                <cppExpression>iport$0.get_o_Patient().get_messages()</cppExpression>
                <splExpression>VitalsCheck_7.HealthRules_2_out0.o_Patient.messages</splExpression>
                <hasFunctions>false</hasFunctions>
                <hasSideEffects>false</hasSideEffects>
                <readsState>false</readsState>
                <hasStreamAttributes>true</hasStreamAttributes>
                <sourceLocation>
                  <file>com.ibm.streamsx.health.analyze.vital/VitalRangeCheckService.spl</file>
                  <line>112</line>
                  <column>6</column>
                </sourceLocation>
              </value>
            </values>
          </assignment>
        </attribute>
      </attributes>
      <tuple>
        <tt:attr name="patientId" type="ustring"/>
        <tt:attr name="alert" type="boolean"/>
        <tt:attr name="messages">
          <tt:list elementType="ustring"/>
        </tt:attr>
      </tuple>
      <finalPunctuationPortScope>
        <port>0</port>
      </finalPunctuationPortScope>
    </outputPort>
  </outputPorts>

</operatorInstanceModel>
